run_id,keys,backend,ckpt_gap_s,ckpt_dur_s,lambda_meas,mu_drain,ckpt_age_s,D_eff_s,peak_lat_s,A_geo_rec_s,A_measured_rec_s,ratio_measured_over_geo,run_saturated,run_unstable,run_overloaded,in_figure3
cal_f_c14_2,100000,rocksdb,14.21,4.56,58277.0,103946.5,3.668,7.854,11.522,8805182.3,10683864.5,1.2134,0,0,0,1
cal_f_c14_3,100000,rocksdb,13.9,3.77,58277.0,118422.0,2.832,192.411,195.243,2187006479.8,478764229.8,0.2189,0,0,1,0
m10_p1024_k200k_s32000_r50_c20_m55_inc_0,200000,rocksdb,20.88,9.8,54462.0,94782.0,11.039,49.319,60.358,233202843.1,36835506.1,0.158,0,1,0,0
m10_p1024_k200k_s32000_r50_c20_m55_inc_0,200000,rocksdb,20.88,9.8,54462.0,83175.0,11.941,58.831,70.772,395093943.6,84716504.5,0.2144,0,1,0,0
m10_p1024_k200k_s32000_r50_c20_m55_una_0,200000,rocksdb,20.36,8.45,54447.5,85537.0,15.965,12.71,28.675,61587507.1,22031392.9,0.3577,0,1,0,0
m10_p1024_k200k_s32000_r50_c20_m55_una_0,200000,rocksdb,20.36,8.45,54447.5,99133.0,2.316,22.202,24.518,36305123.2,10655717.2,0.2935,0,1,0,0
m10_p1024_k200k_s32000_r50_c20_m55_una_0,200000,rocksdb,20.36,8.45,54447.5,106201.0,6.151,21.677,27.828,43260005.0,16166616.8,0.3737,0,1,0,0
m10_p1024_k200k_s32000_r50_c20_m55_una_0,200000,rocksdb,20.36,8.45,54447.5,83822.0,9.463,23.119,32.582,82468045.8,21024509.9,0.2549,0,1,0,0
m10_p1024_k200k_s32000_r50_c32_m55_0,200000,rocksdb,36.19,9.37,54462.0,102310.5,55.957,150.481,206.438,2481393562.9,146635805.0,0.0591,0,1,0,0
m10_p1024_k200k_s32000_r50_c32_m55_inc_0,200000,rocksdb,44.23,7.93,54556.0,96534.0,28.121,171.489,199.61,2499405153.1,493561972.6,0.1975,0,1,0,0
m10_p1024_k200k_s32000_r50_c32_m55_una_0,200000,rocksdb,32.98,7.7,54462.0,102219.0,10.554,31.983,42.537,105462917.4,8468067.7,0.0803,0,1,0,0
m10_p1024_k200k_s32000_r50_c32_m55_una_0,200000,rocksdb,32.98,7.7,54462.0,91614.0,22.391,49.538,71.929,347421386.6,192049374.2,0.5528,0,1,0,0
m10_p1024_k200k_s32000_r50_c32_m55_una_0,200000,rocksdb,32.98,7.7,54462.0,93262.0,59.53,11.23,70.76,327731122.5,182981415.6,0.5583,0,1,0,0
m10_p1024_k200k_s32000_r50_c48_m55_0,200000,rocksdb,47.3,8.74,54462.0,89166.5,14.281,115.91,130.191,1185886699.6,84865018.4,0.0716,0,1,0,0
m10_p1024_k200k_s32000_r50_c48_m55_0,200000,rocksdb,47.3,8.74,54462.0,88996.5,24.281,133.703,157.984,1751497674.5,417227458.8,0.2382,0,1,0,0
m10_p1024_k200k_s32000_r50_c48_m55_inc_0,200000,rocksdb,48.95,10.19,54462.0,92932.0,65.249,52.193,117.442,907301542.8,287708944.0,0.3171,0,1,0,0
m10_p1024_k200k_s32000_r50_c48_m55_inc_0,200000,rocksdb,48.95,10.19,54462.0,104028.5,20.944,89.881,110.825,701946511.3,228930113.6,0.3261,0,1,0,0
m10_p1024_k200k_s32000_r50_c48_m55_inc_0,200000,rocksdb,48.95,10.19,54462.0,109272.0,7.078,83.624,90.702,446631507.0,34365730.1,0.0769,0,1,0,0
m10_p1024_k200k_s32000_r50_c48_m55_una_0,200000,rocksdb,51.6,8.38,54462.0,95127.0,37.539,204.516,242.055,3732280633.2,451326264.6,0.1209,0,1,0,0
m10_p1024_k200k_s32000_r50_c72_m55_inc_0,200000,rocksdb,65.19,9.11,54462.0,104820.5,111.01,133.66,244.67,3393105072.7,432670652.8,0.1275,0,1,0,0
m11_p1024_k200k_s32000_r50_c112_m600_0,200000,rocksdb,111.71,9.92,54462.0,101581.0,-1,-1,110.163,712449079.6,931086893.3,1.3069,0,0,0,1
m11_p1024_k200k_s32000_r50_c112_m600_0,200000,rocksdb,111.71,9.92,54462.0,78897.0,24.149,11.792,35.941,113578112.1,129365051.1,1.139,0,0,0,1
m11_p1024_k200k_s32000_r50_c32_m600_0,200000,rocksdb,31.98,9.55,54462.0,71931.5,11.351,10.113,21.464,51656301.3,50802990.6,0.9835,0,0,0,1
m11_p1024_k200k_s32000_r50_c32_m600_0,200000,rocksdb,31.98,9.55,54462.0,67355.5,0.01,16.325,16.335,37959576.8,33958891.6,0.8946,0,0,0,1
m11_p1024_k200k_s32000_r50_c32_m600_0,200000,rocksdb,31.98,9.55,54462.0,88722.5,26.184,11.596,37.78,100654882.0,126546172.3,1.2572,0,0,0,1
m11_p1024_k200k_s32000_r50_c32_m600_0,200000,rocksdb,31.98,9.55,54462.0,99621.0,19.232,11.47,30.702,56625158.4,74531777.4,1.3162,0,0,0,1
m11_p1024_k200k_s32000_r50_c32_m600_0,200000,rocksdb,31.98,9.55,54462.0,97242.0,1.768,13.03,14.798,13555183.9,24277435.5,1.791,0,0,0,1
m11_p1024_k200k_s32000_r50_c32_m600_0,200000,rocksdb,31.98,9.55,54462.0,77339.5,26.301,12.19,38.491,136388402.2,186454612.5,1.3671,0,0,0,1
m11_p1024_k200k_s32000_r50_c48_m600_0,200000,rocksdb,48.06,9.35,54462.0,97615.0,25.073,9.82,34.893,74997421.2,86315549.1,1.1509,0,0,0,1
m11_p1024_k200k_s32000_r50_c48_m600_0,200000,rocksdb,48.06,9.35,54462.0,83417.0,15.5,12.037,27.537,59489305.0,75084052.1,1.2621,0,0,0,1
m11_p1024_k200k_s32000_r50_c48_m600_0,200000,rocksdb,48.06,9.35,54462.0,73361.0,28.509,18.062,46.571,229254647.1,285496369.8,1.2453,0,0,0,1
m11_p1024_k200k_s32000_r50_c48_m600_0,200000,rocksdb,48.06,9.35,54462.0,101163.0,26.349,13.078,39.427,91696865.9,114082944.9,1.2441,0,0,0,1
m11_p1024_k200k_s32000_r50_c48_m600_0,200000,rocksdb,48.06,9.35,54462.0,91197.5,35.742,12.367,48.109,156460660.6,197264010.2,1.2608,0,0,0,1
m11_p1024_k200k_s32000_r50_c72_m600_0,200000,rocksdb,73.29,9.98,54462.0,90141.0,22.345,11.011,33.356,76546084.7,81630053.7,1.0664,0,0,0,1
m11_p1024_k200k_s32000_r50_c72_m600_0,200000,rocksdb,73.29,9.98,54462.0,84338.0,55.596,9.602,65.198,326767629.9,487040344.0,1.4905,0,0,0,1
m11_p1024_k200k_s32000_r50_c72_m600_0,200000,rocksdb,73.29,9.98,54462.0,101372.5,69.997,10.327,80.324,379665967.2,433529625.7,1.1419,0,0,0,1
m11_p1024_k200k_s32000_r50_c72_m600_0,200000,rocksdb,73.29,9.98,54462.0,97234.0,39.909,12.227,52.136,168264118.8,200299840.5,1.1904,0,0,0,1
m12_p1024_k200k_s32000_r50_c112_m300_0,200000,rocksdb,111.45,9.11,54493.2,103709.0,25.739,16.398,42.137,101942677.6,77093209.5,0.7562,0,1,0,0
m12_p1024_k200k_s32000_r50_c112_m300_0,200000,rocksdb,111.45,9.11,54493.2,102600.5,36.257,9.297,45.554,120588371.7,91754279.9,0.7609,0,1,0,0
m12_p1024_k200k_s32000_r50_c112_m300_0,200000,rocksdb,111.45,9.11,54493.2,105633.0,17.507,9.703,27.21,41669443.0,21224540.8,0.5094,0,1,0,0
m12_p1024_k200k_s32000_r50_c24_m150_0,200000,rocksdb,23.9,9.29,54462.0,82171.0,12.988,26.801,39.789,127847334.8,177868789.0,1.3913,0,0,0,1
m12_p1024_k200k_s32000_r50_c24_m150_0,200000,rocksdb,23.9,9.29,54462.0,106219.0,8.258,10.802,19.06,20302934.3,25848922.8,1.2732,0,0,0,1
m12_p1024_k200k_s32000_r50_c24_m150_0,200000,rocksdb,23.9,9.29,54462.0,92503.0,10.736,20.094,30.83,62937811.5,68963727.5,1.0957,0,0,0,1
m12_p1024_k200k_s32000_r50_c24_m300_0,200000,rocksdb,24.25,9.36,54462.0,99517.0,3.885,12.098,15.983,15364792.4,18558308.5,1.2078,0,0,0,1
m12_p1024_k200k_s32000_r50_c24_m300_0,200000,rocksdb,24.25,9.36,54462.0,85132.0,10.623,8.099,18.722,26493331.0,30631520.6,1.1562,0,0,0,1
m12_p1024_k200k_s32000_r50_c24_m300_0,200000,rocksdb,24.25,9.36,54462.0,80451.5,4.521,12.161,16.682,23458982.6,35728193.2,1.523,0,0,0,1
m12_p1024_k200k_s32000_r50_c24_m300_0,200000,rocksdb,24.25,9.36,54462.0,94902.0,4.497,14.827,19.324,23861984.1,28364036.4,1.1887,0,0,0,1
m12_p1024_k200k_s32000_r50_c24_m300_0,200000,rocksdb,24.25,9.36,54462.0,84539.0,12.25,21.226,33.476,85773529.7,92438322.2,1.0777,0,0,0,1
m12_p1024_k200k_s32000_r50_c32_m150_0,200000,rocksdb,31.92,8.43,54462.0,105833.0,7.496,8.339,15.835,14066532.4,15257232.8,1.0846,0,0,0,1
m12_p1024_k200k_s32000_r50_c32_m150_0,200000,rocksdb,31.92,8.43,54462.0,95381.0,3.765,10.924,14.689,13694799.1,19026662.3,1.3893,0,0,0,1
m12_p1024_k200k_s32000_r50_c32_m150_0,200000,rocksdb,31.92,8.43,54462.0,79591.0,1.673,8.901,10.574,9644313.2,6810771.4,0.7062,0,0,0,1
m12_p1024_k200k_s32000_r50_c32_m150_0,200000,rocksdb,31.92,8.43,54462.0,108245.0,1.436,10.05,11.486,7230628.7,8047923.8,1.113,0,0,0,1
m12_p1024_k200k_s32000_r50_c32_m300_0,200000,rocksdb,32.69,9.23,54462.0,89396.0,30.708,13.528,44.236,136361107.6,156155587.6,1.1452,0,0,0,1
m12_p1024_k200k_s32000_r50_c48_m150_0,200000,rocksdb,47.27,8.35,54462.0,98956.5,25.434,11.812,37.246,84017128.9,117678136.5,1.4006,0,0,0,1
m12_p1024_k200k_s32000_r50_c48_m150_0,200000,rocksdb,47.27,8.35,54462.0,90691.0,7.716,12.468,20.184,27771954.3,36323317.5,1.3079,0,0,0,1
m12_p1024_k200k_s32000_r50_c48_m300_0,200000,rocksdb,48.03,9.1,54462.0,107213.0,12.209,6.221,18.43,18798542.8,22201084.7,1.181,0,0,0,1
m12_p1024_k200k_s32000_r50_c48_m300_0,200000,rocksdb,48.03,9.1,54462.0,102242.5,18.916,9.537,28.453,47175323.1,59636949.5,1.2642,0,0,0,1
m12_p1024_k200k_s32000_r50_c72_m150_0,200000,rocksdb,73.19,9.62,54474.0,105882.0,33.406,12.852,46.258,120040424.5,148442482.4,1.2366,0,0,0,1
m12_p1024_k200k_s32000_r50_c72_m150_0,200000,rocksdb,73.19,9.62,54474.0,95525.5,66.87,31.315,98.185,610993964.0,653067162.1,1.0689,0,0,0,1
m12_p1024_k200k_s32000_r50_c72_m150_0,200000,rocksdb,73.19,9.62,54474.0,107486.0,8.489,10.622,19.111,20170942.2,22772980.9,1.129,0,0,0,1
m12_p1024_k200k_s32000_r50_c72_m150_0,200000,rocksdb,73.19,9.62,54474.0,94096.5,21.825,9.09,30.915,61820619.6,82318897.4,1.3316,0,0,0,1
m12_p1024_k200k_s32000_r50_c72_m300_0,200000,rocksdb,72.89,8.81,54462.0,106926.0,35.344,9.515,44.859,111682521.3,138642731.4,1.2414,0,0,0,1
m12_p1024_k200k_s32000_r50_c72_m300_0,200000,rocksdb,72.89,8.81,54462.0,105654.0,42.621,8.305,50.926,145757964.2,158150647.9,1.085,0,0,0,1
m2_p1024_k100k_s32000_r50_c16_m55_0,100000,rocksdb,16.01,1.62,56240.0,107344.0,15.162,3.354,18.516,20249585.0,24090281.4,1.1897,0,0,0,1
m2_p1024_k100k_s32000_r50_c16_m55_0,100000,rocksdb,16.01,1.62,56240.0,106475.0,2.796,3.563,6.359,2409724.1,3494274.1,1.4501,0,0,0,1
m2_p1024_k100k_s32000_r50_c16_m55_0,100000,rocksdb,16.01,1.62,56240.0,109270.0,12.781,3.536,16.317,15426223.1,17729785.3,1.1493,0,0,0,1
m2_p1024_k100k_s32000_r50_c16_m55_0,100000,rocksdb,16.01,1.62,56240.0,109067.0,5.604,3.103,8.707,4401021.3,5904132.2,1.3415,0,0,0,1
m2_p1024_k100k_s32000_r50_c16_m55_0,100000,rocksdb,16.01,1.62,56240.0,108139.5,5.799,2.404,8.203,3942172.7,5919522.7,1.5016,0,0,0,1
m2_p1024_k100k_s32000_r50_c16_m55_0,100000,rocksdb,16.01,1.62,56240.0,105727.0,2.554,2.438,4.992,1497195.1,2295664.9,1.5333,0,0,0,1
m2_p1024_k100k_s32000_r50_c16_m55_0,100000,rocksdb,16.01,1.62,56240.0,107765.0,7.664,3.654,11.318,7534114.6,8719289.1,1.1573,0,0,0,1
m2_p1024_k100k_s32000_r50_c16_m55_0,100000,rocksdb,16.01,1.62,56240.0,109508.0,12.829,2.093,14.922,12871459.4,16533350.8,1.2845,0,0,0,1
m2_p1024_k100k_s32000_r50_c16_m55_0,100000,rocksdb,16.01,1.62,56240.0,108686.5,13.325,3.981,17.306,17453199.4,19415536.2,1.1124,0,0,0,1
m2_p1024_k100k_s32000_r50_c2_m55_0,100000,rocksdb,2.18,1.46,56240.0,83298.5,1.482,2.611,4.093,1450178.6,1761563.2,1.2147,1,0,0,0
m2_p1024_k100k_s32000_r50_c2_m55_0,100000,rocksdb,2.18,1.46,56240.0,94773.0,0.228,3.489,3.717,955612.9,1488613.3,1.5578,1,0,0,0
m2_p1024_k100k_s32000_r50_c2_m55_0,100000,rocksdb,2.18,1.46,56240.0,87674.0,1.971,3.004,4.975,1941591.9,2684273.0,1.3825,1,0,0,0
m2_p1024_k100k_s32000_r50_c2_m55_0,100000,rocksdb,2.18,1.46,56240.0,84718.0,0.673,3.073,3.746,1173729.2,1459865.7,1.2438,1,0,0,0
m2_p1024_k100k_s32000_r50_c32_m55_0,100000,rocksdb,32.05,1.43,56240.0,100166.5,18.202,2.505,20.707,27494141.4,32449361.3,1.1802,0,0,0,1
m2_p1024_k100k_s32000_r50_c32_m55_0,100000,rocksdb,32.05,1.43,56240.0,109597.0,10.903,2.48,13.383,10345230.4,12779386.6,1.2353,0,0,0,1
m2_p1024_k100k_s32000_r50_c32_m55_0,100000,rocksdb,32.05,1.43,56240.0,110076.0,19.925,2.455,22.38,28797312.3,33184840.0,1.1524,0,0,0,1
m2_p1024_k100k_s32000_r50_c32_m55_0,100000,rocksdb,32.05,1.43,56240.0,110251.5,14.586,6.496,21.082,25511016.5,27713907.5,1.0864,0,0,0,1
m2_p1024_k100k_s32000_r50_c32_m55_0,100000,rocksdb,32.05,1.43,56240.0,108438.0,1.514,2.809,4.323,1091927.1,1712703.6,1.5685,0,0,0,1
m2_p1024_k100k_s32000_r50_c32_m55_0,100000,rocksdb,32.05,1.43,56240.0,110736.0,27.13,1.596,28.726,47152128.0,55121987.4,1.169,0,0,0,1
m2_p1024_k100k_s32000_r50_c32_m55_0,100000,rocksdb,32.05,1.43,56240.0,109994.0,23.007,2.33,25.337,36938666.8,42834311.6,1.1596,0,0,0,1
m2_p1024_k100k_s32000_r50_c4_m55_0,100000,rocksdb,4.19,1.45,56240.0,101218.0,0.931,2.887,3.818,922283.0,1299482.1,1.409,0,0,0,1
m2_p1024_k100k_s32000_r50_c4_m55_0,100000,rocksdb,4.19,1.45,56240.0,94922.5,1.355,2.43,3.785,988381.4,1499131.0,1.5168,0,0,0,1
m2_p1024_k100k_s32000_r50_c4_m55_0,100000,rocksdb,4.19,1.45,56240.0,90130.0,2.264,3.4,5.664,2399035.8,2440893.6,1.0174,0,0,0,1
m2_p1024_k100k_s32000_r50_c4_m55_0,100000,rocksdb,4.19,1.45,56240.0,100115.0,1.635,2.879,4.514,1307358.8,2181143.4,1.6684,0,0,0,1
m2_p1024_k100k_s32000_r50_c4_m55_0,100000,rocksdb,4.19,1.45,56240.0,95347.5,0.476,2.997,3.473,827109.5,1403300.9,1.6966,0,0,0,1
m2_p1024_k100k_s32000_r50_c4_m55_0,100000,rocksdb,4.19,1.45,56240.0,93142.0,4.079,2.683,6.762,3245075.7,4092242.9,1.2611,0,0,0,1
m2_p1024_k100k_s32000_r50_c4_m55_0,100000,rocksdb,4.19,1.45,56240.0,96957.0,3.039,3.161,6.2,2574141.8,3132052.6,1.2167,0,0,0,1
m2_p1024_k100k_s32000_r50_c64_m55_0,100000,rocksdb,58.53,1.8,56240.0,112077.0,54.594,3.854,58.448,192815902.0,33083810.9,0.1716,0,1,0,0
m2_p1024_k100k_s32000_r50_c64_m55_0,100000,rocksdb,58.53,1.8,56240.0,110439.0,61.969,2.343,64.312,236992066.5,59692032.8,0.2519,0,1,0,0
m2_p1024_k100k_s32000_r50_c64_m55_0,100000,rocksdb,58.53,1.8,56240.0,110451.5,102.032,2.605,104.637,627290853.4,336602983.3,0.5366,0,1,0,0
m2_p1024_k100k_s32000_r50_c8_m55_0,100000,rocksdb,8.01,1.41,56240.0,89586.0,1.574,3.075,4.649,1632549.9,2249339.0,1.3778,0,0,0,1
m2_p1024_k100k_s32000_r50_c8_m55_0,100000,rocksdb,8.01,1.41,56240.0,105014.5,5.758,2.515,8.273,4143501.6,5434187.6,1.3115,0,0,0,1
m2_p1024_k100k_s32000_r50_c8_m55_0,100000,rocksdb,8.01,1.41,56240.0,106742.0,2.288,2.87,5.158,1581518.5,2434795.5,1.5395,0,0,0,1
m2_p1024_k100k_s32000_r50_c8_m55_0,100000,rocksdb,8.01,1.41,56240.0,106415.0,4.794,3.398,8.192,4002760.4,5275812.0,1.318,0,0,0,1
m2_p1024_k100k_s32000_r50_c8_m55_0,100000,rocksdb,8.01,1.41,56240.0,99659.5,3.075,2.41,5.485,1941714.7,2896639.1,1.4918,0,0,0,1
m2_p1024_k100k_s32000_r50_c8_m55_0,100000,rocksdb,8.01,1.41,56240.0,108729.5,6.774,2.634,9.408,5155748.7,7260789.7,1.4083,0,0,0,1
m2_p1024_k100k_s32000_r50_c8_m55_0,100000,rocksdb,8.01,1.41,56240.0,99169.0,3.138,2.439,5.577,2020262.0,2929252.1,1.4499,0,0,0,1
m2_p1024_k200k_s32000_r50_c16_m150_0,200000,rocksdb,16.03,4.0,54811.0,106795.0,7.681,4.219,11.9,7973453.4,9256400.1,1.1609,0,0,0,1
m2_p1024_k200k_s32000_r50_c16_m150_0,200000,rocksdb,16.03,4.0,54811.0,106108.0,13.72,4.098,17.818,17996532.7,21896381.2,1.2167,0,0,0,1
m2_p1024_k200k_s32000_r50_c16_m150_0,200000,rocksdb,16.03,4.0,54811.0,103819.0,8.324,3.909,12.233,8688532.3,9579711.2,1.1026,0,0,0,1
m2_p1024_k200k_s32000_r50_c16_m150_0,200000,rocksdb,16.03,4.0,54811.0,100195.0,6.276,6.24,12.516,9478651.2,12972808.9,1.3686,0,0,0,1
m2_p1024_k200k_s32000_r50_c16_m55_0,200000,rocksdb,16.51,5.76,54811.0,107162.0,12.688,8.025,20.713,24069135.1,33957834.5,1.4108,0,0,0,1
m2_p1024_k200k_s32000_r50_c16_m55_0,200000,rocksdb,16.51,5.76,54811.0,105460.0,10.383,5.135,15.518,13741179.0,17730068.8,1.2903,0,0,0,1
m2_p1024_k200k_s32000_r50_c16_m55_0,200000,rocksdb,16.51,5.76,54811.0,104983.5,3.698,8.882,12.58,9075428.3,12546156.3,1.3824,0,0,0,1
m2_p1024_k200k_s32000_r50_c16_m55_0,200000,rocksdb,16.51,5.76,54811.0,86486.0,7.688,13.862,21.55,34750102.5,43376036.4,1.2482,0,0,0,1
m2_p1024_k200k_s32000_r50_c16_m55_0,200000,rocksdb,16.51,5.76,54811.0,104570.0,3.455,5.602,9.057,4723956.5,5598762.8,1.1852,0,0,0,1
m2_p1024_k200k_s32000_r50_c2_m150_0,200000,rocksdb,3.29,3.31,54811.0,74249.0,1.426,5.284,6.71,4712874.0,4982960.3,1.0573,1,0,0,0
m2_p1024_k200k_s32000_r50_c2_m150_0,200000,rocksdb,3.29,3.31,54811.0,69540.0,1.876,5.046,6.922,6200365.1,5502374.4,0.8874,1,0,0,0
m2_p1024_k200k_s32000_r50_c2_m150_0,200000,rocksdb,3.29,3.31,54811.0,66325.0,0.728,6.246,6.974,7677450.5,5238698.4,0.6823,1,0,0,0
m2_p1024_k200k_s32000_r50_c2_m150_0,200000,rocksdb,3.29,3.31,54811.0,75645.0,2.998,6.035,9.033,8119391.2,7642722.3,0.9413,1,0,0,0
m2_p1024_k200k_s32000_r50_c2_m150_0,200000,rocksdb,3.29,3.31,54811.0,76706.0,1.469,5.655,7.124,4872661.4,5004556.3,1.0271,1,0,0,0
m2_p1024_k200k_s32000_r50_c2_m150_0,200000,rocksdb,3.29,3.31,54811.0,76917.5,1.263,8.804,10.067,9664580.3,6088424.2,0.63,1,0,0,0
m2_p1024_k200k_s32000_r50_c2_m150_0,200000,rocksdb,3.29,3.31,54811.0,72029.5,3.082,6.337,9.419,10170224.7,8679311.0,0.8534,1,0,0,0
m2_p1024_k200k_s32000_r50_c2_m150_0,200000,rocksdb,3.29,3.31,54811.0,64373.0,0.541,4.903,5.444,5467453.7,3183853.1,0.5823,1,0,0,0
m2_p1024_k200k_s32000_r50_c2_m55_0,200000,rocksdb,5.04,4.98,54811.0,71924.0,3.592,16.021,19.613,44308960.7,16056754.7,0.3624,1,1,0,0
m2_p1024_k200k_s32000_r50_c2_m55_0,200000,rocksdb,5.04,4.98,54811.0,67021.0,0.932,16.531,17.463,45872516.9,9946823.4,0.2168,1,1,0,0
m2_p1024_k200k_s32000_r50_c32_m150_0,200000,rocksdb,32.06,2.44,54811.0,103781.0,1.295,5.174,6.469,2430759.7,3249154.2,1.3367,0,0,0,1
m2_p1024_k200k_s32000_r50_c32_m150_0,200000,rocksdb,32.06,2.44,54811.0,105959.5,11.786,4.46,16.246,14984157.6,17823676.8,1.1895,0,0,0,1
m2_p1024_k200k_s32000_r50_c32_m55_0,200000,rocksdb,31.94,3.58,54811.0,106519.0,16.703,23.08,39.783,89353460.8,92797184.1,1.0385,0,0,0,1
m2_p1024_k200k_s32000_r50_c32_m55_0,200000,rocksdb,31.94,3.58,54811.0,104665.5,5.926,5.484,11.41,7490606.1,7489962.2,0.9999,0,0,0,1
m2_p1024_k200k_s32000_r50_c32_m55_0,200000,rocksdb,31.94,3.58,54811.0,106861.0,14.742,3.533,18.275,18790706.0,19573322.0,1.0416,0,0,0,1
m2_p1024_k200k_s32000_r50_c32_m55_0,200000,rocksdb,31.94,3.58,54811.0,106030.0,2.68,4.429,7.109,2866985.5,2792934.0,0.9742,0,0,0,1
m2_p1024_k200k_s32000_r50_c32_m55_0,200000,rocksdb,31.94,3.58,54811.0,106432.5,19.351,4.482,23.833,32095411.7,32019414.5,0.9976,0,0,0,1
m2_p1024_k200k_s32000_r50_c4_m150_0,200000,rocksdb,4.29,3.41,54811.0,81021.5,3.405,5.727,9.132,7064716.9,6577731.1,0.9311,1,0,0,0
m2_p1024_k200k_s32000_r50_c4_m150_0,200000,rocksdb,4.29,3.41,54811.0,79212.0,1.877,6.497,8.374,6239097.9,6099962.8,0.9777,1,0,0,0
m2_p1024_k200k_s32000_r50_c4_m150_0,200000,rocksdb,4.29,3.41,54811.0,83790.0,2.446,6.619,9.065,6511159.3,7655746.9,1.1758,1,0,0,0
m2_p1024_k200k_s32000_r50_c4_m150_0,200000,rocksdb,4.29,3.41,54811.0,75030.0,2.098,5.941,8.039,6572584.2,5209601.9,0.7926,1,0,0,0
m2_p1024_k200k_s32000_r50_c4_m150_0,200000,rocksdb,4.29,3.41,54811.0,88918.5,0.975,3.862,4.837,1671629.9,2219005.9,1.3275,1,0,0,0
m2_p1024_k200k_s32000_r50_c4_m55_0,200000,rocksdb,5.03,5.2,54811.0,64915.5,1.95,8.126,10.076,17875564.0,15538515.8,0.8693,1,0,0,0
m2_p1024_k200k_s32000_r50_c4_m55_0,200000,rocksdb,5.03,5.2,54811.0,69189.0,2.029,6.888,8.917,10486988.8,9173066.8,0.8747,1,0,0,0
m2_p1024_k200k_s32000_r50_c64_m150_0,200000,rocksdb,63.39,3.93,54811.0,106748.0,58.365,44.249,102.614,593105795.8,98128528.9,0.1654,0,1,0,0
m2_p1024_k200k_s32000_r50_c64_m150_0,200000,rocksdb,63.39,3.93,54811.0,106203.5,63.04,39.961,103.001,600843416.1,113856294.9,0.1895,0,1,0,0
m2_p1024_k200k_s32000_r50_c64_m150_0,200000,rocksdb,63.39,3.93,54811.0,107430.0,27.478,93.579,121.057,819970200.2,268837077.6,0.3279,0,1,0,0
m2_p1024_k200k_s32000_r50_c64_m55_0,200000,rocksdb,67.66,2.61,54811.0,108090.5,20.586,4.611,25.197,35298843.6,38442568.4,1.0891,0,0,0,1
m2_p1024_k200k_s32000_r50_c64_m55_0,200000,rocksdb,67.66,2.61,54811.0,106965.0,18.774,9.318,28.092,44355265.2,47217453.0,1.0645,0,0,0,1
m2_p1024_k200k_s32000_r50_c64_m55_0,200000,rocksdb,67.66,2.61,54811.0,107114.0,41.377,3.101,44.478,111031764.1,118867404.0,1.0706,0,0,0,1
m2_p1024_k200k_s32000_r50_c64_m55_0,200000,rocksdb,67.66,2.61,54811.0,107586.0,53.025,12.441,65.466,239438767.5,250138098.3,1.0447,0,0,0,1
m2_p1024_k200k_s32000_r50_c8_m150_0,200000,rocksdb,8.15,4.3,54811.0,107077.0,2.038,18.04,20.078,22634577.7,24224111.5,1.0702,1,0,0,0
m2_p1024_k200k_s32000_r50_c8_m150_0,200000,rocksdb,8.15,4.3,54811.0,104326.5,1.459,4.569,6.028,2098301.4,2556676.2,1.2185,1,0,0,0
m2_p1024_k200k_s32000_r50_c8_m150_0,200000,rocksdb,8.15,4.3,54811.0,99706.5,1.092,6.432,7.524,3445635.0,4452974.2,1.2924,1,0,0,0
m2_p1024_k200k_s32000_r50_c8_m55_0,200000,rocksdb,8.4,5.15,54811.0,105486.0,1.739,6.151,7.89,3551355.9,3378550.2,0.9513,1,0,0,0
m2_p1024_k200k_s32000_r50_c8_m55_0,200000,rocksdb,8.4,5.15,54811.0,87512.0,4.498,8.388,12.886,12177199.5,10796766.2,0.8866,1,0,0,0
m2_p1024_k200k_s32000_r50_c8_m55_0,200000,rocksdb,8.4,5.15,54811.0,107271.0,1.389,7.009,8.398,3952217.8,2688411.3,0.6802,1,0,0,0
m2_p1024_k200k_s32000_r50_c8_m55_0,200000,rocksdb,8.4,5.15,54811.0,96713.0,7.391,6.907,14.298,12930526.9,12742734.9,0.9855,1,0,0,0
m2_p1024_k200k_s32000_r50_c8_m55_0,200000,rocksdb,8.4,5.15,54811.0,105819.5,3.885,4.303,8.188,3811865.8,2902137.4,0.7613,1,0,0,0
m2_p1024_k200k_s32000_r50_c8_m55_0,200000,rocksdb,8.4,5.15,54811.0,107995.0,2.387,5.171,7.558,3178738.0,2536215.5,0.7979,1,0,0,0
m2_p1024_k200k_s32000_r50_c8_m55_0,200000,rocksdb,8.4,5.15,54811.0,96899.0,7.083,7.942,15.025,14243133.1,14667826.5,1.0298,1,0,0,0
m2_p1024_k200k_s32000_r50_c8_m55_0,200000,rocksdb,8.4,5.15,54811.0,107458.0,2.781,5.627,8.408,3954137.2,3260174.5,0.8245,1,0,0,0
m2_p1024_k200k_s32000_r80_c128_m55_0,200000,rocksdb,127.99,3.05,87698.0,106862.0,102.942,83.547,186.489,8503624259.4,325225399.8,0.0382,0,1,0,0
m2_p1024_k200k_s32000_r80_c16_m55_0,200000,rocksdb,15.84,2.76,87698.0,108082.0,7.805,37.706,45.511,481558592.6,22800765.8,0.0473,0,1,0,0
m2_p1024_k200k_s32000_r80_c4_m55_0,200000,rocksdb,3.98,2.64,87698.0,98975.0,10.404,37.58,47.984,886097732.3,36150861.5,0.0408,1,1,1,0
m2_p1024_k400k_s32000_r50_c16_m55_0,400000,rocksdb,16.11,3.46,52149.0,101874.0,8.655,5.443,14.098,10617553.2,13789008.4,1.2987,0,0,0,1
m2_p1024_k400k_s32000_r50_c16_m55_0,400000,rocksdb,16.11,3.46,52149.0,80906.5,3.755,6.069,9.824,7080270.1,7806796.4,1.1026,0,0,0,1
m2_p1024_k400k_s32000_r50_c16_m55_0,400000,rocksdb,16.11,3.46,52149.0,97183.0,10.13,7.892,18.022,18274968.9,21211788.3,1.1607,0,0,0,1
m2_p1024_k400k_s32000_r50_c16_m55_0,400000,rocksdb,16.11,3.46,52149.0,96794.5,8.021,5.547,13.568,10406398.0,14083072.3,1.3533,0,0,0,1
m2_p1024_k400k_s32000_r50_c2_m55_0,400000,rocksdb,3.21,3.26,52149.0,76476.5,2.457,6.375,8.832,6393529.7,7241820.1,1.1327,1,0,0,0
m2_p1024_k400k_s32000_r50_c2_m55_0,400000,rocksdb,3.21,3.26,52149.0,67740.5,2.581,5.177,7.758,6817909.8,6613365.3,0.97,1,0,0,0
m2_p1024_k400k_s32000_r50_c2_m55_0,400000,rocksdb,3.21,3.26,52149.0,67009.0,1.559,5.225,6.784,5412006.3,5428946.2,1.0031,1,0,0,0
m2_p1024_k400k_s32000_r50_c32_m55_0,400000,rocksdb,33.36,4.36,52149.0,99163.0,10.494,3.826,14.32,11278009.5,7862086.4,0.6971,0,0,0,1
m2_p1024_k400k_s32000_r50_c32_m55_0,400000,rocksdb,33.36,4.36,52149.0,101392.0,28.665,5.432,34.097,62418174.2,56231917.5,0.9009,0,0,0,1
m2_p1024_k400k_s32000_r50_c32_m55_0,400000,rocksdb,33.36,4.36,52149.0,99020.5,7.493,5.204,12.697,8881095.8,4200755.6,0.473,0,0,0,1
m2_p1024_k400k_s32000_r50_c32_m55_0,400000,rocksdb,33.36,4.36,52149.0,100516.5,16.087,6.759,22.846,28283595.0,24706618.0,0.8735,0,0,0,1
m2_p1024_k400k_s32000_r50_c32_m55_0,400000,rocksdb,33.36,4.36,52149.0,103355.0,21.114,21.082,42.196,93706424.3,84708739.3,0.904,0,0,0,1
m2_p1024_k400k_s32000_r50_c4_m55_0,400000,rocksdb,3.87,3.61,52149.0,72465.0,4.434,4.753,9.187,7849504.0,7884610.8,1.0045,1,0,0,0
m2_p1024_k400k_s32000_r50_c4_m55_0,400000,rocksdb,3.87,3.61,52149.0,70222.0,1.521,4.772,6.293,4011727.4,3875584.7,0.9661,1,0,0,0
m2_p1024_k400k_s32000_r50_c4_m55_0,400000,rocksdb,3.87,3.61,52149.0,67865.0,2.741,7.645,10.386,12144827.1,11664968.8,0.9605,1,0,0,0
m2_p1024_k400k_s32000_r50_c4_m55_0,400000,rocksdb,3.87,3.61,52149.0,77624.0,3.166,7.279,10.445,8667947.6,10291512.1,1.1873,1,0,0,0
m2_p1024_k400k_s32000_r50_c4_m55_0,400000,rocksdb,3.87,3.61,52149.0,68272.0,1.171,4.821,5.992,3964072.7,4543383.8,1.1461,1,0,0,0
m2_p1024_k400k_s32000_r50_c4_m55_0,400000,rocksdb,3.87,3.61,52149.0,73488.0,3.654,6.127,9.781,8590215.3,9793765.4,1.1401,1,0,0,0
m2_p1024_k400k_s32000_r50_c4_m55_0,400000,rocksdb,3.87,3.61,52149.0,63628.0,0.963,5.402,6.365,5854849.1,4099646.9,0.7002,1,0,0,0
m2_p1024_k400k_s32000_r50_c64_m55_0,400000,rocksdb,53.41,7.45,52149.0,101651.0,23.069,4.869,27.938,41793682.0,32591380.5,0.7798,0,0,0,1
m2_p1024_k400k_s32000_r50_c64_m55_0,400000,rocksdb,53.41,7.45,52149.0,101202.0,28.247,34.185,62.432,209679731.4,214709570.2,1.024,0,0,0,1
m2_p1024_k400k_s32000_r50_c64_m55_0,400000,rocksdb,53.41,7.45,52149.0,99240.0,9.564,6.911,16.475,14914802.8,6982659.1,0.4682,0,0,0,1
m2_p1024_k400k_s32000_r50_c64_m55_0,400000,rocksdb,53.41,7.45,52149.0,99270.0,9.873,7.812,17.685,17180090.2,9181050.1,0.5344,0,0,0,1
m2_p1024_k400k_s32000_r50_c64_m55_0,400000,rocksdb,53.41,7.45,52149.0,102229.0,5.986,41.08,47.066,117907950.7,100170041.8,0.8496,0,0,0,1
m2_p1024_k400k_s32000_r50_c8_m55_0,400000,rocksdb,7.93,3.7,52149.0,99558.0,1.854,3.974,5.828,1860068.6,2055259.9,1.1049,0,0,0,1
m2_p1024_k400k_s32000_r50_c8_m55_0,400000,rocksdb,7.93,3.7,52149.0,88638.0,4.384,4.803,9.187,5345683.2,6345856.3,1.1871,0,0,0,1
m2_p1024_k400k_s32000_r50_c8_m55_0,400000,rocksdb,7.93,3.7,52149.0,99726.5,6.443,5.089,11.532,7268062.0,8974492.2,1.2348,0,0,0,1
m2_p1024_k400k_s32000_r50_c8_m55_0,400000,rocksdb,7.93,3.7,52149.0,100257.0,2.639,3.648,6.287,2147760.7,2350999.9,1.0946,0,0,0,1
m2_p1024_k400k_s32000_r50_c8_m55_0,400000,rocksdb,7.93,3.7,52149.0,86168.0,5.182,5.997,11.179,8254333.5,10071082.2,1.2201,0,0,0,1
m2nD_p1024_k200k_r45_c16_m90,200000,rocksdb,17.34,8.15,52449.0,86341.0,3.484,20.479,23.963,38362802.5,26998608.3,0.7038,0,0,0,1
m2nD_p1024_k200k_r45_c16_m90,200000,rocksdb,17.34,8.15,52449.0,105130.0,8.202,9.878,18.08,17108024.0,22052911.8,1.289,0,0,0,1
m2nD_p1024_k200k_r45_c32_m90,200000,rocksdb,31.26,6.27,52449.0,111678.0,11.074,70.627,81.701,330060088.0,115512711.0,0.35,0,0,1,0
m2nD_p1024_k200k_r45_c64_m90,200000,rocksdb,78.72,5.4,52449.0,109643.0,1.968,82.637,84.605,359858284.1,280065498.8,0.7783,0,0,1,0
m2nD_p1024_k200k_r45_c64_m90,200000,rocksdb,78.72,5.4,52449.0,116071.0,29.771,23.29,53.061,134702345.1,56294441.6,0.4179,0,0,1,0
m2nD_p1024_k200k_r45_c64_m90,200000,rocksdb,78.72,5.4,52449.0,113058.5,55.927,76.873,132.8,862712104.9,179271582.6,0.2078,0,0,1,0
m2n_p1024_k200k_r50_c4_m55,200000,rocksdb,3.99,3.63,58277.0,96936.5,0.964,66.672,67.636,334234120.1,72708414.8,0.2175,1,0,1,0
m2n_p1024_k200k_r50_c4_m55,200000,rocksdb,3.99,3.63,58277.0,82212.0,0.722,173.194,173.916,3027247830.6,404931284.3,0.1338,1,0,1,0
m2n_p1024_k200k_r50_c64_m55,200000,rocksdb,51.79,7.83,58277.0,115832.0,60.702,13.963,74.665,326926532.2,116763492.4,0.3572,0,0,1,0
m3_p1024_k200k_s32000_r50_c128_m300_0,200000,rocksdb,127.21,7.31,54462.0,83436.0,21.364,6.502,27.866,60891280.6,8289856.2,0.1361,0,1,0,0
m3_p1024_k200k_s32000_r50_c128_m300_0,200000,rocksdb,127.21,7.31,54462.0,90615.5,59.613,8.439,68.052,316076537.7,290065049.3,0.9177,0,1,0,0
m3_p1024_k200k_s32000_r50_c16_m300_0,200000,rocksdb,16.26,7.1,54462.0,106803.0,5.943,6.307,12.25,8338772.8,7452399.2,0.8937,0,0,0,1
m3_p1024_k200k_s32000_r50_c16_m300_0,200000,rocksdb,16.26,7.1,54462.0,104011.0,15.554,8.082,23.636,31934878.2,42609998.0,1.3343,0,0,0,1
m3_p1024_k200k_s32000_r50_c16_m55_inc_0,200000,rocksdb,17.2,6.18,54462.0,106906.0,4.022,6.659,10.681,6332476.1,7293413.2,1.1517,0,0,0,1
m3_p1024_k200k_s32000_r50_c16_m55_inc_0,200000,rocksdb,17.2,6.18,54462.0,107626.0,7.229,5.121,12.35,8408326.5,10495210.5,1.2482,0,0,0,1
m3_p1024_k200k_s32000_r50_c2_m300_0,200000,rocksdb,6.11,6.21,54462.0,76960.0,2.89,44.87,47.76,212477171.6,102177992.5,0.4809,1,1,0,0
m3_p1024_k200k_s32000_r50_c2_m300_0,200000,rocksdb,6.11,6.21,54462.0,72136.0,2.945,41.893,44.838,223442236.5,51395710.9,0.23,1,1,0,0
m3_p1024_k200k_s32000_r50_c2_m55_inc_0,200000,rocksdb,2.77,2.79,54462.0,70291.0,2.61,5.479,8.089,7911872.9,6457525.8,0.8162,1,0,0,0
m3_p1024_k200k_s32000_r50_c2_m55_inc_0,200000,rocksdb,2.77,2.79,54462.0,69142.0,2.011,6.504,8.515,9299268.1,8739428.8,0.9398,1,0,0,0
m3_p1024_k200k_s32000_r50_c2_m55_inc_0,200000,rocksdb,2.77,2.79,54462.0,80374.0,3.394,6.756,10.15,8702328.4,8482406.4,0.9747,1,0,0,0
m3_p1024_k200k_s32000_r50_c2_m55_inc_0,200000,rocksdb,2.77,2.79,54462.0,75188.0,1.979,6.643,8.622,7344093.7,8601685.9,1.1712,1,0,0,0
m3_p1024_k200k_s32000_r50_c2_m55_inc_0,200000,rocksdb,2.77,2.79,54462.0,69868.0,0.249,4.232,4.481,2479603.3,2718248.1,1.0962,1,0,0,0
m3_p1024_k200k_s32000_r50_c2_m55_inc_0,200000,rocksdb,2.77,2.79,54462.0,74760.0,2.194,5.175,7.369,5445710.9,4804830.0,0.8823,1,0,0,0
m3_p1024_k200k_s32000_r50_c2_m55_inc_0,200000,rocksdb,2.77,2.79,54462.0,72523.0,0.753,4.788,5.541,3357299.7,3209684.3,0.956,1,0,0,0
m3_p1024_k200k_s32000_r50_c2_m55_inc_0,200000,rocksdb,2.77,2.79,54462.0,73506.0,1.711,5.076,6.787,4841543.0,4347231.8,0.8979,1,0,0,0
m3_p1024_k200k_s32000_r50_c2_m55_inc_0,200000,rocksdb,2.77,2.79,54462.0,69662.5,0.732,4.694,5.426,3674213.1,2136186.0,0.5814,1,0,0,0
m3_p1024_k200k_s32000_r50_c2_m55_inc_0,200000,rocksdb,2.77,2.79,54462.0,71296.5,1.234,4.148,5.382,3341053.7,2662164.4,0.7968,1,0,0,0
m3_p1024_k200k_s32000_r50_c32_m300_0,200000,rocksdb,32.2,7.15,54462.0,86693.0,20.35,16.17,36.52,97684631.4,147259218.4,1.5075,0,0,0,1
m3_p1024_k200k_s32000_r50_c32_m300_0,200000,rocksdb,32.2,7.15,54462.0,83815.0,25.933,6.92,32.853,83921738.8,132726724.3,1.5816,0,0,0,1
m3_p1024_k200k_s32000_r50_c32_m55_inc_0,200000,rocksdb,33.25,6.28,54462.0,106850.5,25.291,23.872,49.163,134239817.1,38783507.3,0.2889,0,1,0,0
m3_p1024_k200k_s32000_r50_c32_m55_inc_0,200000,rocksdb,33.25,6.28,54462.0,109369.0,26.587,52.343,78.93,337917110.7,186943549.9,0.5532,0,1,0,0
m3_p1024_k200k_s32000_r50_c32_m55_inc_0,200000,rocksdb,33.25,6.28,54462.0,100706.0,18.171,31.973,50.144,149110307.0,33781109.7,0.2266,0,1,0,0
m3_p1024_k200k_s32000_r50_c32_m55_inc_0,200000,rocksdb,33.25,6.28,54462.0,108141.0,26.196,51.496,77.692,331130573.5,181977562.4,0.5496,0,1,0,0
m3_p1024_k200k_s32000_r50_c32_m55_inc_0,200000,rocksdb,33.25,6.28,54462.0,107720.0,5.651,43.799,49.45,134680797.8,40013299.4,0.2971,0,1,0,0
m3_p1024_k200k_s32000_r50_c32_m55_inc_0,200000,rocksdb,33.25,6.28,54462.0,107174.0,20.304,57.738,78.042,337209891.5,106147315.5,0.3148,0,1,0,0
m3_p1024_k200k_s32000_r50_c4_m300_0,200000,rocksdb,6.65,6.69,54462.0,62328.0,5.484,65.208,70.692,1078293948.0,100746947.5,0.0934,1,1,0,0
m3_p1024_k200k_s32000_r50_c4_m55_inc_0,200000,rocksdb,4.06,3.66,54462.0,81299.0,2.162,5.388,7.55,4702667.9,5542244.4,1.1785,1,0,0,0
m3_p1024_k200k_s32000_r50_c4_m55_inc_0,200000,rocksdb,4.06,3.66,54462.0,79576.0,3.681,5.895,9.576,7912713.8,9645355.0,1.219,1,0,0,0
m3_p1024_k200k_s32000_r50_c4_m55_inc_0,200000,rocksdb,4.06,3.66,54462.0,66325.0,1.221,5.922,7.143,7767310.7,5174250.1,0.6662,1,0,0,0
m3_p1024_k200k_s32000_r50_c4_m55_inc_0,200000,rocksdb,4.06,3.66,54462.0,71313.0,1.888,6.388,8.276,7892745.8,10073634.4,1.2763,1,0,0,0
m3_p1024_k200k_s32000_r50_c4_m55_inc_0,200000,rocksdb,4.06,3.66,54462.0,64766.0,1.658,6.988,8.646,12795650.7,9828341.4,0.7681,1,0,0,0
m3_p1024_k200k_s32000_r50_c4_m55_inc_0,200000,rocksdb,4.06,3.66,54462.0,71024.0,1.736,6.721,8.457,8352906.0,9131439.0,1.0932,1,0,0,0
m3_p1024_k200k_s32000_r50_c64_m300_0,200000,rocksdb,63.27,7.53,54462.0,105532.0,21.349,9.437,30.786,53332455.4,65253418.8,1.2235,0,0,0,1
m3_p1024_k200k_s32000_r50_c64_m55_inc_0,200000,rocksdb,47.86,8.8,54462.0,108063.0,13.673,7.209,20.882,23939027.5,18673611.3,0.78,0,0,0,1
m3_p1024_k200k_s32000_r50_c64_m55_inc_0,200000,rocksdb,47.86,8.8,54462.0,108995.0,6.052,10.334,16.386,14614449.0,11922101.4,0.8158,0,0,0,1
m3_p1024_k200k_s32000_r50_c64_m55_inc_0,200000,rocksdb,47.86,8.8,54462.0,102814.0,3.374,7.851,11.225,7296077.0,5254298.2,0.7202,0,0,0,1
m3_p1024_k200k_s32000_r50_c64_m55_inc_0,200000,rocksdb,47.86,8.8,54462.0,108587.0,17.517,8.517,26.034,37028205.8,32775770.0,0.8852,0,0,0,1
m3_p1024_k200k_s32000_r50_c64_m55_inc_0,200000,rocksdb,47.86,8.8,54462.0,105059.5,0.083,9.99,10.073,5737594.9,2922724.0,0.5094,0,0,0,1
m3_p1024_k200k_s32000_r50_c8_m300_0,200000,rocksdb,7.88,6.57,54462.0,85110.0,3.419,10.085,13.504,13790561.3,6852837.9,0.4969,1,0,0,0
m3_p1024_k200k_s32000_r50_c8_m300_0,200000,rocksdb,7.88,6.57,54462.0,107384.0,4.262,8.087,12.349,8426285.6,4847840.0,0.5753,1,0,0,0
m3_p1024_k200k_s32000_r50_c8_m300_0,200000,rocksdb,7.88,6.57,54462.0,77474.0,22.075,7.69,29.765,81219990.3,99027541.3,1.2193,1,0,0,0
m3_p1024_k200k_s32000_r50_c8_m300_0,200000,rocksdb,7.88,6.57,54462.0,86945.5,2.532,8.505,11.037,8877922.4,4734903.4,0.5333,1,0,0,0
m3_p1024_k200k_s32000_r50_c8_m300_0,200000,rocksdb,7.88,6.57,54462.0,73706.5,1.341,16.909,18.25,34738531.3,16310482.6,0.4695,1,0,0,0
m3_p1024_k200k_s32000_r50_c8_m55_inc_0,200000,rocksdb,7.99,5.03,54622.7,80417.5,4.457,5.29,9.747,8088998.6,9828255.3,1.215,1,0,0,0
m3_p1024_k200k_s32000_r50_c8_m55_inc_0,200000,rocksdb,7.99,5.03,54622.7,86431.0,2.274,5.609,7.883,4612200.3,7084114.3,1.536,1,0,0,0
m3_p1024_k200k_s32000_r50_c8_m55_inc_0,200000,rocksdb,7.99,5.03,54622.7,79968.0,5.019,9.445,14.464,18027601.9,19255519.7,1.0681,1,0,0,0
m3_p1024_k200k_s32000_r50_c8_m55_inc_0,200000,rocksdb,7.99,5.03,54622.7,87764.0,5.81,5.66,11.47,9515917.2,11225253.3,1.1796,1,0,0,0
m3_p1024_k200k_s32000_r50_c8_m55_inc_0,200000,rocksdb,7.99,5.03,54622.7,93499.5,7.329,7.238,14.567,13938330.3,20808826.9,1.4929,1,0,0,0
m4_p1024_k200k_s32000_r30_c128_m55_0,200000,rocksdb,nan,6.78,32677.0,106781.0,105.662,4.921,110.583,287900889.5,322276189.9,1.1194,0,0,0,1
m4_p1024_k200k_s32000_r30_c16_m55_0,200000,rocksdb,23.35,7.91,32677.0,102124.0,0.24,8.185,8.425,1705320.1,3003118.6,1.761,0,0,0,1
m4_p1024_k200k_s32000_r30_c16_m55_0,200000,rocksdb,23.35,7.91,32677.0,106606.5,2.512,10.955,13.467,4272860.6,5222275.3,1.2222,0,0,0,1
m4_p1024_k200k_s32000_r30_c16_m55_0,200000,rocksdb,23.35,7.91,32677.0,98738.0,14.968,9.051,24.019,14088191.0,18450301.8,1.3096,0,0,0,1
m4_p1024_k200k_s32000_r30_c16_m55_0,200000,rocksdb,23.35,7.91,32677.0,98626.0,14.192,7.799,21.991,11815951.9,13984902.0,1.1836,0,0,0,1
m4_p1024_k200k_s32000_r30_c16_m55_0,200000,rocksdb,23.35,7.91,32677.0,104797.0,7.73,15.383,23.113,12682447.4,15780373.1,1.2443,0,0,0,1
m4_p1024_k200k_s32000_r30_c16_m55_0,200000,rocksdb,23.35,7.91,32677.0,105995.0,16.086,7.908,23.994,13598502.9,16356427.9,1.2028,0,0,0,1
m4_p1024_k200k_s32000_r30_c16_m55_0,200000,rocksdb,23.35,7.91,32677.0,71642.0,14.07,7.713,21.783,14253955.2,17890766.6,1.2551,0,0,0,1
m4_p1024_k200k_s32000_r30_c2_m55_0,200000,rocksdb,7.3,7.21,32699.6,44414.0,5.16,7.17,12.33,9423533.6,5223050.0,0.5543,1,0,0,0
m4_p1024_k200k_s32000_r30_c2_m55_0,200000,rocksdb,7.3,7.21,32699.6,69614.0,4.063,7.6,11.663,4193770.9,6991523.9,1.6671,1,0,0,0
m4_p1024_k200k_s32000_r30_c2_m55_0,200000,rocksdb,7.3,7.21,32699.6,54647.0,2.123,8.837,10.96,4890423.6,6400518.5,1.3088,1,0,0,0
m4_p1024_k200k_s32000_r30_c2_m55_0,200000,rocksdb,7.3,7.21,32699.6,51919.0,7.728,6.646,14.374,9125054.8,11022762.4,1.208,1,0,0,0
m4_p1024_k200k_s32000_r30_c2_m55_0,200000,rocksdb,7.3,7.21,32699.6,55653.0,0.697,5.862,6.559,1705163.1,1749234.3,1.0258,1,0,0,0
m4_p1024_k200k_s32000_r30_c2_m55_0,200000,rocksdb,7.3,7.21,32699.6,39239.0,0.398,7.023,7.421,5402225.6,2859494.7,0.5293,1,0,0,0
m4_p1024_k200k_s32000_r30_c2_m55_0,200000,rocksdb,7.3,7.21,32699.6,38443.5,0.818,13.717,14.535,23119911.1,8745307.3,0.3783,1,0,0,0
m4_p1024_k200k_s32000_r30_c2_m55_0,200000,rocksdb,7.3,7.21,32699.6,49739.5,1.242,7.54,8.782,3680534.9,4312870.0,1.1718,1,0,0,0
m4_p1024_k200k_s32000_r30_c32_m55_0,200000,rocksdb,34.88,9.16,32677.0,102765.0,15.451,12.411,27.862,18596766.7,23002409.3,1.2369,0,0,0,1
m4_p1024_k200k_s32000_r30_c32_m55_0,200000,rocksdb,34.88,9.16,32677.0,93370.0,20.751,26.476,47.227,56060301.1,59809120.6,1.0669,0,0,0,1
m4_p1024_k200k_s32000_r30_c32_m55_0,200000,rocksdb,34.88,9.16,32677.0,105765.0,7.972,22.215,30.187,21545136.0,24067030.0,1.1171,0,0,0,1
m4_p1024_k200k_s32000_r30_c32_m55_0,200000,rocksdb,34.88,9.16,32677.0,102700.0,19.121,10.48,29.601,20996779.8,27059413.1,1.2887,0,0,0,1
m4_p1024_k200k_s32000_r30_c32_m55_0,200000,rocksdb,34.88,9.16,32677.0,99626.0,0.927,6.353,7.28,1288533.6,1614087.8,1.2527,0,0,0,1
m4_p1024_k200k_s32000_r30_c32_m55_0,200000,rocksdb,34.88,9.16,32677.0,106933.5,8.378,9.865,18.243,7830015.4,8737054.6,1.1158,0,0,0,1
m4_p1024_k200k_s32000_r30_c32_m55_0,200000,rocksdb,34.88,9.16,32677.0,105945.0,8.662,6.314,14.976,5298901.0,6465666.8,1.2202,0,0,0,1
m4_p1024_k200k_s32000_r30_c32_m55_0,200000,rocksdb,34.88,9.16,32677.0,101652.5,9.531,6.758,16.289,6388523.9,7022363.8,1.0992,0,0,0,1
m4_p1024_k200k_s32000_r30_c4_m55_0,200000,rocksdb,8.37,8.25,32677.0,63509.0,8.761,12.68,21.441,15471407.4,6823117.2,0.441,1,1,0,0
m4_p1024_k200k_s32000_r30_c64_m55_0,200000,rocksdb,62.68,8.34,32677.0,105715.0,6.713,8.028,14.741,5138915.6,6688608.5,1.3016,0,0,0,1
m4_p1024_k200k_s32000_r30_c64_m55_0,200000,rocksdb,62.68,8.34,32677.0,107710.0,46.705,7.929,54.634,70006977.4,89243683.0,1.2748,0,0,0,1
m4_p1024_k200k_s32000_r30_c64_m55_0,200000,rocksdb,62.68,8.34,32677.0,104637.5,22.682,7.161,29.843,21158218.2,24314877.7,1.1492,0,0,0,1
m4_p1024_k200k_s32000_r30_c64_m55_0,200000,rocksdb,62.68,8.34,32677.0,99873.0,4.744,8.144,12.888,4033642.2,5591553.3,1.3862,0,0,0,1
m4_p1024_k200k_s32000_r30_c64_m55_0,200000,rocksdb,62.68,8.34,32677.0,100262.0,44.761,8.251,53.012,68115794.4,77668791.4,1.1402,0,0,0,1
m4_p1024_k200k_s32000_r30_c8_m55_0,200000,rocksdb,8.8,7.47,32688.8,106391.0,1.675,6.851,8.526,1715142.9,2411747.6,1.4061,1,0,0,0
m4_p1024_k200k_s32000_r30_c8_m55_0,200000,rocksdb,8.8,7.47,32688.8,107606.0,0.592,8.038,8.63,1748297.4,2535849.4,1.4505,1,0,0,0
m4_p1024_k200k_s32000_r30_c8_m55_0,200000,rocksdb,8.8,7.47,32688.8,52000.5,5.983,9.087,15.07,9995250.6,9592633.4,0.9597,1,0,0,0
m4_p1024_k200k_s32000_r30_c8_m55_0,200000,rocksdb,8.8,7.47,32688.8,55784.0,2.882,8.787,11.669,5375842.1,7958223.6,1.4804,1,0,0,0
m4_p1024_k200k_s32000_r30_c8_m55_0,200000,rocksdb,8.8,7.47,32688.8,75223.0,0.557,10.115,10.672,3292296.8,4232239.9,1.2855,1,0,0,0
m4_p1024_k200k_s32000_r30_c8_m55_0,200000,rocksdb,8.8,7.47,32688.8,94000.0,3.732,9.38,13.112,4308185.8,6101261.0,1.4162,1,0,0,0
m4_p1024_k200k_s32000_r30_c8_m55_0,200000,rocksdb,8.8,7.47,32688.8,83241.0,4.864,12.591,17.455,8200169.2,10999256.5,1.3413,1,0,0,0
m4_p1024_k200k_s32000_r30_c8_m55_0,200000,rocksdb,8.8,7.47,32688.8,52966.0,2.091,7.098,9.189,3604857.2,4878698.6,1.3534,1,0,0,0
m4_p1024_k200k_s32000_r50_c128_m55_par6_0,200000,rocksdb,143.96,8.89,54600.9,138721.5,88.277,5.954,94.231,399757557.8,116412991.6,0.2912,0,1,0,0
m4_p1024_k200k_s32000_r50_c128_m55_par6_0,200000,rocksdb,143.96,8.89,54600.9,144235.0,128.291,7.129,135.42,805628574.5,426004320.2,0.5288,0,1,0,0
m4_p1024_k200k_s32000_r50_c128_m55_par6_0,200000,rocksdb,143.96,8.89,54600.9,137553.0,99.08,8.978,108.058,528603424.7,182167023.8,0.3446,0,1,0,0
m4_p1024_k200k_s32000_r50_c128_m55_par6_0,200000,rocksdb,143.96,8.89,54600.9,131803.0,139.277,8.754,148.031,1021337547.5,530767012.5,0.5197,0,1,0,0
m4_p1024_k200k_s32000_r50_c12_m55_0,200000,rocksdb,12.11,8.21,54462.0,107934.0,0.388,27.239,27.627,41954035.5,4622091.4,0.1102,1,1,0,0
m4_p1024_k200k_s32000_r50_c12_m55_0,200000,rocksdb,12.11,8.21,54462.0,101670.5,9.138,30.085,39.223,90225196.7,55781922.2,0.6183,1,1,0,0
m4_p1024_k200k_s32000_r50_c12_m55_0,200000,rocksdb,12.11,8.21,54462.0,106747.0,1.498,22.113,23.611,30994706.4,4111318.8,0.1326,1,1,0,0
m4_p1024_k200k_s32000_r50_c12_m55_0,200000,rocksdb,12.11,8.21,54462.0,107425.0,9.925,21.216,31.141,53562916.5,18469910.7,0.3448,1,1,0,0
m4_p1024_k200k_s32000_r50_c12_m55_0,200000,rocksdb,12.11,8.21,54462.0,107053.0,3.798,29.613,33.411,61877581.0,17371492.7,0.2807,1,1,0,0
m4_p1024_k200k_s32000_r50_c16_m55_par6_0,200000,rocksdb,15.85,8.21,54462.0,129248.0,3.557,10.239,13.796,8956927.8,9732056.4,1.0865,1,0,0,0
m4_p1024_k200k_s32000_r50_c16_m55_par6_0,200000,rocksdb,15.85,8.21,54462.0,114501.5,3.937,11.19,15.127,11883954.8,10735193.0,0.9033,1,0,0,0
m4_p1024_k200k_s32000_r50_c16_m55_par6_0,200000,rocksdb,15.85,8.21,54462.0,107586.0,12.866,11.464,24.33,32645463.8,41653939.7,1.2759,1,0,0,0
m4_p1024_k200k_s32000_r50_c16_m55_par6_0,200000,rocksdb,15.85,8.21,54462.0,105349.5,7.437,9.841,17.278,16829297.7,17101068.0,1.0161,1,0,0,0
m4_p1024_k200k_s32000_r50_c24_m55_0,200000,rocksdb,38.19,8.22,54462.0,106988.0,10.307,50.708,61.015,206492504.9,11494140.8,0.0557,0,1,0,0
m4_p1024_k200k_s32000_r50_c24_m55_0,200000,rocksdb,38.19,8.22,54462.0,108054.0,11.635,59.592,71.227,278542404.6,38668048.7,0.1388,0,1,0,0
m4_p1024_k200k_s32000_r50_c24_m55_0,200000,rocksdb,38.19,8.22,54462.0,105613.0,10.996,60.948,71.944,291017662.6,68527111.5,0.2355,0,1,0,0
m4_p1024_k200k_s32000_r50_c24_m55_0,200000,rocksdb,38.19,8.22,54462.0,93593.0,8.394,69.087,77.481,390997532.3,87219109.8,0.2231,0,1,0,0
m4_p1024_k200k_s32000_r50_c32_m30_0,200000,rocksdb,36.23,9.34,54462.0,107590.0,19.15,54.611,73.761,300034526.3,26559194.3,0.0885,0,1,0,0
m4_p1024_k200k_s32000_r50_c32_m30_0,200000,rocksdb,36.23,9.34,54462.0,98700.0,16.125,56.268,72.393,318406920.5,15896434.9,0.0499,0,1,0,0
m4_p1024_k200k_s32000_r50_c32_m30_0,200000,rocksdb,36.23,9.34,54462.0,105693.0,19.885,74.157,94.042,496848402.1,153055131.3,0.3081,0,1,0,0
m4_p1024_k200k_s32000_r50_c32_m55_par6_0,200000,rocksdb,31.29,9.29,54494.0,151595.0,3.247,12.259,15.506,10228346.9,15447541.6,1.5103,0,0,0,1
m4_p1024_k200k_s32000_r50_c32_m55_par6_0,200000,rocksdb,31.29,9.29,54494.0,130810.5,25.756,19.555,45.311,95884188.2,113051726.4,1.179,0,0,0,1
m4_p1024_k200k_s32000_r50_c32_m55_par6_0,200000,rocksdb,31.29,9.29,54494.0,132173.0,13.161,9.076,22.237,22925294.5,24362835.5,1.0627,0,0,0,1
m4_p1024_k200k_s32000_r50_c32_m55_par6_0,200000,rocksdb,31.29,9.29,54494.0,129579.0,7.275,10.764,18.039,15301615.5,20265455.9,1.3244,0,0,0,1
m4_p1024_k200k_s32000_r50_c32_m55_par6_0,200000,rocksdb,31.29,9.29,54494.0,147955.0,6.984,12.16,19.144,15807992.1,17803207.4,1.1262,0,0,0,1
m4_p1024_k200k_s32000_r50_c32_m55_par6_0,200000,rocksdb,31.29,9.29,54494.0,144370.0,3.503,10.864,14.367,9034313.1,10387289.4,1.1498,0,0,0,1
m4_p1024_k200k_s32000_r50_c32_m55_par6_0,200000,rocksdb,31.29,9.29,54494.0,126064.0,12.228,12.881,25.109,30257907.3,30471490.9,1.0071,0,0,0,1
m4_p1024_k200k_s32000_r50_c32_m55_par6_0,200000,rocksdb,31.29,9.29,54494.0,142885.0,7.472,12.525,19.997,17613548.4,19232758.3,1.0919,0,0,0,1
m4_p1024_k200k_s32000_r50_c32_m55_par6_0,200000,rocksdb,31.29,9.29,54494.0,100427.0,4.019,10.574,14.593,12687065.5,14127890.6,1.1136,0,0,0,1
m4_p1024_k200k_s32000_r50_c48_m55_0,200000,rocksdb,47.55,8.63,54462.0,109208.0,18.774,10.069,28.843,45191081.1,39127298.1,0.8658,0,1,0,0
m4_p1024_k200k_s32000_r50_c48_m55_0,200000,rocksdb,47.55,8.63,54462.0,90345.0,22.685,14.351,37.036,94043138.3,76251865.0,0.8108,0,1,0,0
m4_p1024_k200k_s32000_r50_c4_m55_par6_0,200000,rocksdb,8.68,8.5,54462.0,92549.0,5.311,13.455,18.766,23303075.6,8106345.1,0.3479,1,1,0,0
m4_p1024_k200k_s32000_r50_c4_m55_par6_0,200000,rocksdb,8.68,8.5,54462.0,154367.0,7.171,10.142,17.313,12611638.0,4952230.1,0.3927,1,1,0,0
m4_p1024_k200k_s32000_r50_c4_m55_par6_0,200000,rocksdb,8.68,8.5,54462.0,81565.0,7.388,17.728,25.116,51697210.1,31547323.3,0.6102,1,1,0,0
m4_p1024_k200k_s32000_r50_c4_m55_par6_0,200000,rocksdb,8.68,8.5,54462.0,151770.0,5.412,12.487,17.899,13606479.1,4777425.1,0.3511,1,1,0,0
m4_p1024_k200k_s32000_r50_c64_m55_par6_0,200000,rocksdb,158.64,8.05,54462.0,148875.0,139.889,137.177,277.066,3296247868.8,97244092.0,0.0295,0,1,0,0
m4_p1024_k200k_s32000_r50_c64_m55_par6_0,200000,rocksdb,158.64,8.05,54462.0,134884.0,182.421,134.994,317.415,4601544836.2,676291767.5,0.147,0,1,0,0
m4_p1024_k200k_s32000_r50_c8_m55_par6_0,200000,rocksdb,8.33,7.64,54429.1,77792.0,7.093,6.574,13.667,16924843.4,8932534.9,0.5278,1,0,0,0
m4_p1024_k200k_s32000_r50_c8_m55_par6_0,200000,rocksdb,8.33,7.64,54429.1,66617.0,5.752,18.893,24.645,90347143.5,50070487.8,0.5542,1,0,0,0
m5_p1024_k200k_s32000_r50_c128_m55_hashmap_0,200000,hashmap,nan,1.92,68540.0,132671.0,44.976,351.771,396.747,11159646365.4,510278717.8,0.0457,0,1,0,0
m5_p1024_k200k_s32000_r50_c16_m55_hashmap_0,200000,hashmap,15.97,2.09,68540.0,126277.0,1.318,3.32,4.638,1611963.5,2253198.1,1.3978,0,0,0,1
m5_p1024_k200k_s32000_r50_c16_m55_hashmap_0,200000,hashmap,15.97,2.09,68540.0,133396.5,12.091,4.445,16.536,19272675.5,22967915.5,1.1917,0,0,0,1
m5_p1024_k200k_s32000_r50_c16_m55_hashmap_0,200000,hashmap,15.97,2.09,68540.0,133478.5,11.934,3.092,15.026,15903991.4,18551333.3,1.1665,0,0,0,1
m5_p1024_k200k_s32000_r50_c16_m55_hashmap_0,200000,hashmap,15.97,2.09,68540.0,130687.0,8.712,2.384,11.096,8873431.7,11279077.4,1.2711,0,0,0,1
m5_p1024_k200k_s32000_r50_c2_m55_hashmap_0,200000,hashmap,1.98,1.06,68540.0,128731.0,0.023,3.438,3.461,877701.3,1288988.4,1.4686,1,0,0,0
m5_p1024_k200k_s32000_r50_c2_m55_hashmap_0,200000,hashmap,1.98,1.06,68540.0,95396.5,0.229,2.389,2.618,834306.4,891813.2,1.0689,1,0,0,0
m5_p1024_k200k_s32000_r50_c2_m55_hashmap_0,200000,hashmap,1.98,1.06,68540.0,131300.0,1.728,2.912,4.64,1543713.7,1950223.9,1.2633,1,0,0,0
m5_p1024_k200k_s32000_r50_c2_m55_hashmap_0,200000,hashmap,1.98,1.06,68540.0,130130.0,1.879,2.726,4.605,1535483.0,2399313.9,1.5626,1,0,0,0
m5_p1024_k200k_s32000_r50_c2_m55_hashmap_0,200000,hashmap,1.98,1.06,68540.0,127799.5,0.464,2.575,3.039,682686.1,1142862.7,1.6741,1,0,0,0
m5_p1024_k200k_s32000_r50_c2_m55_hashmap_0,200000,hashmap,1.98,1.06,68540.0,81622.0,0.68,2.979,3.659,2862884.2,1591034.3,0.5557,1,0,0,0
m5_p1024_k200k_s32000_r50_c2_m55_hashmap_0,200000,hashmap,1.98,1.06,68540.0,132328.0,2.322,3.063,5.385,2061773.9,3085995.1,1.4968,1,0,0,0
m5_p1024_k200k_s32000_r50_c2_m55_hashmap_0,200000,hashmap,1.98,1.06,68540.0,129239.0,1.519,2.451,3.97,1149916.6,1834857.9,1.5956,1,0,0,0
m5_p1024_k200k_s32000_r50_c32_m55_hashmap_0,200000,hashmap,37.77,2.42,68540.0,131020.0,31.758,29.092,60.85,266092689.9,16405967.2,0.0617,0,1,0,0
m5_p1024_k200k_s32000_r50_c32_m55_hashmap_0,200000,hashmap,37.77,2.42,68540.0,133684.0,24.986,45.107,70.093,345519923.3,61763499.3,0.1788,0,1,0,0
m5_p1024_k200k_s32000_r50_c32_m55_hashmap_0,200000,hashmap,37.77,2.42,68540.0,133116.0,17.306,55.395,72.701,373378746.9,74551358.2,0.1997,0,1,0,0
m5_p1024_k200k_s32000_r50_c32_m55_hashmap_0,200000,hashmap,37.77,2.42,68540.0,132780.0,25.704,68.554,94.258,629331734.6,251940607.5,0.4003,0,1,0,0
m5_p1024_k200k_s32000_r50_c32_m55_hashmap_0,200000,hashmap,37.77,2.42,68540.0,133024.0,19.296,71.539,90.835,583315268.6,214663439.9,0.368,0,1,0,0
m5_p1024_k200k_s32000_r50_c4_m55_hashmap_0,200000,hashmap,3.99,1.23,68540.0,129846.0,1.668,2.187,3.855,1078810.2,1645510.8,1.5253,0,0,0,1
m5_p1024_k200k_s32000_r50_c4_m55_hashmap_0,200000,hashmap,3.99,1.23,68540.0,131017.0,4.244,2.204,6.448,2988372.1,4062194.7,1.3593,0,0,0,1
m5_p1024_k200k_s32000_r50_c4_m55_hashmap_0,200000,hashmap,3.99,1.23,68540.0,127254.5,1.337,2.559,3.896,1127539.7,1752962.9,1.5547,0,0,0,1
m5_p1024_k200k_s32000_r50_c4_m55_hashmap_0,200000,hashmap,3.99,1.23,68540.0,130283.5,3.989,2.931,6.92,3463087.4,5113605.1,1.4766,0,0,0,1
m5_p1024_k200k_s32000_r50_c4_m55_hashmap_0,200000,hashmap,3.99,1.23,68540.0,132666.0,1.992,2.429,4.421,1385831.4,2210279.3,1.5949,0,0,0,1
m5_p1024_k200k_s32000_r50_c4_m55_hashmap_0,200000,hashmap,3.99,1.23,68540.0,131538.0,0.843,4.698,5.541,2197212.6,3200084.4,1.4564,0,0,0,1
m5_p1024_k200k_s32000_r50_c4_m55_hashmap_0,200000,hashmap,3.99,1.23,68540.0,131272.0,2.305,2.933,5.238,1967744.8,2707586.3,1.376,0,0,0,1
m5_p1024_k200k_s32000_r50_c4_m55_hashmap_0,200000,hashmap,3.99,1.23,68540.0,133798.5,2.12,2.835,4.955,1724958.1,2477750.1,1.4364,0,0,0,1
m5_p1024_k200k_s32000_r50_c64_m55_hashmap_0,200000,hashmap,64.67,2.52,68540.0,133667.5,39.849,4.203,44.052,136492829.1,43476573.5,0.3185,0,1,0,0
m5_p1024_k200k_s32000_r50_c64_m55_hashmap_0,200000,hashmap,64.67,2.52,68540.0,133339.0,64.079,4.63,68.709,332913687.5,190006260.9,0.5707,0,1,0,0
m5_p1024_k200k_s32000_r50_c64_m55_hashmap_0,200000,hashmap,64.67,2.52,68540.0,134672.5,56.239,2.057,58.296,237170063.6,118510922.4,0.4997,0,1,0,0
m5_p1024_k200k_s32000_r50_c8_m55_hashmap_0,200000,hashmap,8.03,1.73,68540.0,129938.0,1.243,4.188,5.431,2139027.3,2763870.5,1.2921,0,0,0,1
m5_p1024_k200k_s32000_r50_c8_m55_hashmap_0,200000,hashmap,8.03,1.73,68540.0,129487.0,1.04,3.048,4.088,1216670.0,1988924.3,1.6347,0,0,0,1
m5_p1024_k200k_s32000_r50_c8_m55_hashmap_0,200000,hashmap,8.03,1.73,68540.0,132043.0,3.089,3.636,6.725,3223027.0,4387838.5,1.3614,0,0,0,1
m5_p1024_k200k_s32000_r50_c8_m55_hashmap_0,200000,hashmap,8.03,1.73,68540.0,131637.0,5.566,3.522,9.088,5905203.3,7403780.0,1.2538,0,0,0,1
m5_p1024_k200k_s32000_r50_c8_m55_hashmap_0,200000,hashmap,8.03,1.73,68540.0,133610.0,5.737,2.949,8.686,5308797.5,6715821.6,1.265,0,0,0,1
m5_p1024_k200k_s32000_r50_c8_m55_hashmap_0,200000,hashmap,8.03,1.73,68540.0,132470.0,1.336,4.124,5.46,2117123.3,2806165.1,1.3255,0,0,0,1
m5_p1024_k200k_s32000_r50_c8_m55_hashmap_0,200000,hashmap,8.03,1.73,68540.0,130965.0,3.298,2.615,5.913,2514172.2,3686758.4,1.4664,0,0,0,1
m5_p1024_k200k_s32000_r80_c16_m55_0,200000,rocksdb,17.0,8.5,87140.0,105555.0,7.167,171.755,178.922,7995056180.7,51660134.4,0.0065,1,1,1,0
m5_p1024_k200k_s32000_r80_c32_m55_0,200000,rocksdb,48.59,8.84,87140.0,105897.5,4.324,214.039,218.363,11728928371.0,307873886.1,0.0262,0,1,1,0
m5_p1024_k200k_s32000_r80_c64_m55_una_0,200000,rocksdb,126.01,8.14,87140.0,105798.0,93.168,213.443,306.611,23225998895.7,136496134.9,0.0059,0,1,1,0
m6_p1024_k200k_s32000_r50_c16_m150_0,200000,rocksdb,16.15,9.09,54469.8,88173.5,2.855,13.271,16.126,18528163.7,19949439.3,1.0767,1,0,0,0
m6_p1024_k200k_s32000_r50_c16_m150_0,200000,rocksdb,16.15,9.09,54469.8,74333.0,4.729,10.524,15.253,23710753.5,28792562.0,1.2143,1,0,0,0
m6_p1024_k200k_s32000_r50_c16_m300_0,200000,rocksdb,16.53,9.19,54462.0,83334.5,3.636,8.823,12.459,12201106.9,12962669.2,1.0624,1,0,0,0
m6_p1024_k200k_s32000_r50_c16_m300_0,200000,rocksdb,16.53,9.19,54462.0,96616.0,16.194,17.826,34.02,72234735.1,90004285.7,1.246,1,0,0,0
m6_p1024_k200k_s32000_r50_c16_m300_0,200000,rocksdb,16.53,9.19,54462.0,89776.5,11.727,17.634,29.361,59678602.3,83389222.0,1.3973,1,0,0,0
m6_p1024_k200k_s32000_r50_c16_m300_0,200000,rocksdb,16.53,9.19,54462.0,88877.0,11.489,11.696,23.185,37802921.3,52479895.2,1.3882,1,0,0,0
m6_p1024_k200k_s32000_r50_c16_m55_0,200000,rocksdb,17.36,8.64,54462.0,107932.0,5.84,47.307,53.147,155260067.1,12290581.9,0.0792,0,1,0,0
m6_p1024_k200k_s32000_r50_c16_m55_0,200000,rocksdb,17.36,8.64,54462.0,106770.5,10.308,49.935,60.243,201725977.7,70387229.2,0.3489,0,1,0,0
m6_p1024_k200k_s32000_r50_c16_m55_ctl_2,200000,rocksdb,17.24,9.61,54462.0,106522.0,15.517,113.75,129.267,931054494.2,27922332.1,0.03,1,1,0,0
m6_p1024_k200k_s32000_r50_c16_m55_ctl_3,200000,rocksdb,16.8,9.32,54486.6,79102.0,10.855,16.502,27.357,65520205.0,46236311.9,0.7057,1,1,0,0
m6_p1024_k200k_s32000_r50_c16_m55_ctl_3,200000,rocksdb,16.8,9.32,54486.6,104489.0,3.536,14.053,17.589,17611821.2,5253359.8,0.2983,1,1,0,0
m6_p1024_k200k_s32000_r50_c16_m55_ctl_3,200000,rocksdb,16.8,9.32,54486.6,95820.0,9.395,13.548,22.943,33244222.3,21526968.1,0.6475,1,1,0,0
m6_p1024_k200k_s32000_r50_c16_m55_ctl_3,200000,rocksdb,16.8,9.32,54486.6,106011.0,4.025,11.312,15.337,13185128.7,2781876.4,0.211,1,1,0,0
m6_p1024_k200k_s32000_r50_c24_m55_0,200000,rocksdb,25.59,9.78,54462.0,104086.0,20.587,132.444,153.031,1337584063.9,53008956.7,0.0396,0,1,0,0
m6_p1024_k200k_s32000_r50_c32_m150_0,200000,rocksdb,32.26,9.02,54462.0,107492.0,5.363,6.965,12.328,8388650.1,9138523.4,1.0894,0,0,0,1
m6_p1024_k200k_s32000_r50_c32_m150_0,200000,rocksdb,32.26,9.02,54462.0,98013.5,12.005,10.175,22.18,30149776.7,41195493.3,1.3664,0,0,0,1
m6_p1024_k200k_s32000_r50_c32_m150_0,200000,rocksdb,32.26,9.02,54462.0,91647.0,9.81,11.654,21.464,30919013.9,51232130.9,1.657,0,0,0,1
m6_p1024_k200k_s32000_r50_c32_m150_0,200000,rocksdb,32.26,9.02,54462.0,68321.0,31.184,-15.707,15.477,32155618.0,28768808.9,0.8947,0,0,0,1
m6_p1024_k200k_s32000_r50_c32_m300_0,200000,rocksdb,31.97,8.53,54462.0,91015.0,10.267,9.558,19.825,26649007.1,32454026.2,1.2178,0,0,0,1
m6_p1024_k200k_s32000_r50_c32_m300_0,200000,rocksdb,31.97,8.53,54462.0,107855.0,6.215,7.384,13.599,10172373.6,11854488.2,1.1654,0,0,0,1
m6_p1024_k200k_s32000_r50_c32_m300_0,200000,rocksdb,31.97,8.53,54462.0,90805.0,20.528,9.096,29.624,59709365.3,82872185.4,1.3879,0,0,0,1
m6_p1024_k200k_s32000_r50_c32_m55_0,200000,rocksdb,32.52,9.35,54462.0,109603.0,20.674,13.123,33.797,61827169.2,7149884.5,0.1156,0,1,0,0
m6_p1024_k200k_s32000_r50_c32_m55_0,200000,rocksdb,32.52,9.35,54462.0,82085.0,16.664,40.448,57.112,263940154.8,128290250.7,0.4861,0,1,0,0
m6_p1024_k200k_s32000_r50_c64_m150_0,200000,rocksdb,63.48,8.84,54462.0,83817.5,17.247,14.049,31.296,76152889.6,62043893.0,0.8147,0,0,0,1
m6_p1024_k200k_s32000_r50_c64_m300_0,200000,rocksdb,62.1,9.02,54462.0,95984.0,58.163,10.525,68.688,296991277.9,395397838.1,1.3313,0,0,0,1
m9_p1024_k200k_s32000_r30_c20_m55_0,200000,rocksdb,20.89,8.88,32707.5,64821.0,0.809,13.388,14.197,6652984.8,8186235.1,1.2305,0,0,0,1
m9_p1024_k200k_s32000_r30_c20_m55_0,200000,rocksdb,20.89,8.88,32707.5,107428.5,6.238,7.92,14.158,4713234.2,6709255.9,1.4235,0,0,0,1
m9_p1024_k200k_s32000_r30_c20_m55_0,200000,rocksdb,20.89,8.88,32707.5,84624.5,18.845,9.6,28.445,21568595.9,26511545.5,1.2292,0,0,0,1
m9_p1024_k200k_s32000_r30_c20_m55_0,200000,rocksdb,20.89,8.88,32707.5,106128.0,18.707,6.342,25.049,14832394.9,17341869.8,1.1692,0,0,0,1
m9_p1024_k200k_s32000_r30_c20_m55_0,200000,rocksdb,20.89,8.88,32707.5,62928.0,11.654,7.2,18.854,12105338.1,10879603.6,0.8987,0,0,0,1
m9_p1024_k200k_s32000_r30_c20_m55_0,200000,rocksdb,20.89,8.88,32707.5,84357.5,19.56,8.608,28.168,21193110.6,25581808.9,1.2071,0,0,0,1
m9_p1024_k200k_s32000_r30_c20_m55_0,200000,rocksdb,20.89,8.88,32707.5,102532.5,11.914,13.738,25.652,15801931.7,20495386.1,1.297,0,0,0,1
m9_p1024_k200k_s32000_r30_c20_m55_0,200000,rocksdb,20.89,8.88,32707.5,69764.0,6.463,4.271,10.734,3547508.9,4774613.3,1.3459,0,0,0,1
m9_p1024_k200k_s32000_r30_c20_m55_0,200000,rocksdb,20.89,8.88,32707.5,75097.0,3.084,6.601,9.685,2717496.7,5914880.6,2.1766,0,0,0,1
m9_p1024_k200k_s32000_r30_c28_m55_0,200000,rocksdb,30.86,8.73,32677.0,106940.0,15.14,30.505,45.645,49019594.4,21632309.2,0.4413,0,0,0,1
m9_p1024_k200k_s32000_r30_c28_m55_0,200000,rocksdb,30.86,8.73,32677.0,101542.0,20.228,14.191,34.419,28539537.4,6635516.3,0.2325,0,0,0,1
m9_p1024_k200k_s32000_r30_c32_m55_ctl_0,200000,rocksdb,37.15,8.8,32677.0,87798.0,18.948,17.931,36.879,35394189.5,39374277.6,1.1125,0,0,0,1
m9_p1024_k200k_s32000_r30_c32_m55_ctl_0,200000,rocksdb,37.15,8.8,32677.0,103098.0,9.71,18.912,28.622,19595090.2,23442924.0,1.1964,0,0,0,1
m9_p1024_k200k_s32000_r30_c32_m55_ctl_0,200000,rocksdb,37.15,8.8,32677.0,102786.0,2.127,12.837,14.964,5363740.4,5980448.6,1.115,0,0,0,1
m9_p1024_k200k_s32000_r30_c32_m55_ctl_0,200000,rocksdb,37.15,8.8,32677.0,84834.5,27.154,11.257,38.411,39208776.0,42813874.6,1.0919,0,0,0,1
m9_p1024_k200k_s32000_r30_c32_m55_ctl_0,200000,rocksdb,37.15,8.8,32677.0,72934.0,9.866,15.533,25.399,19095105.4,27346437.3,1.4321,0,0,0,1
m9_p1024_k200k_s32000_r30_c32_m55_ctl_0,200000,rocksdb,37.15,8.8,32677.0,82184.5,8.663,8.959,17.622,8422464.7,10601681.5,1.2587,0,0,0,1
m9_p1024_k200k_s32000_r30_c32_m55_ctl_0,200000,rocksdb,37.15,8.8,32677.0,99388.0,23.624,12.189,35.813,31219126.3,41821395.5,1.3396,0,0,0,1
m9_p1024_k200k_s32000_r30_c40_m55_0,200000,rocksdb,52.72,8.33,32699.9,78782.0,3.637,10.234,13.871,5378153.4,6060473.0,1.1269,0,0,0,1
m9_p1024_k200k_s32000_r30_c40_m55_0,200000,rocksdb,52.72,8.33,32699.9,107817.0,24.594,6.161,30.755,22197297.4,27481488.6,1.2381,0,0,0,1
m9_p1024_k200k_s32000_r30_c40_m55_0,200000,rocksdb,52.72,8.33,32699.9,76180.0,0.184,10.098,10.282,3028642.2,3582428.4,1.1828,0,0,0,1
m9_p1024_k200k_s32000_r30_c40_m55_0,200000,rocksdb,52.72,8.33,32699.9,106059.5,7.813,9.19,17.003,6834098.9,9784719.1,1.4317,0,0,0,1
m9_p1024_k200k_s32000_r30_c40_m55_0,200000,rocksdb,52.72,8.33,32699.9,94429.0,31.17,10.614,41.784,43665930.2,51616756.5,1.1821,0,0,0,1
m9_p1024_k200k_s32000_r30_c40_m55_0,200000,rocksdb,52.72,8.33,32699.9,107104.0,13.52,28.275,41.795,41113466.0,45586958.5,1.1088,0,0,0,1
m9_p1024_k200k_s32000_r30_c56_m55_0,200000,rocksdb,56.89,10.0,32677.0,98058.0,42.677,20.966,63.643,99254160.0,113404050.6,1.1426,0,0,0,1
m9_p1024_k200k_s32000_r30_c56_m55_0,200000,rocksdb,56.89,10.0,32677.0,99973.5,25.549,5.808,31.357,23865085.6,29118461.4,1.2201,0,0,0,1
m9_p1024_k200k_s32000_r30_c56_m55_0,200000,rocksdb,56.89,10.0,32677.0,105392.0,1.35,4.955,6.305,941399.3,1803552.2,1.9158,0,0,0,1
m9_p1024_k200k_s32000_r30_c56_m55_0,200000,rocksdb,56.89,10.0,32677.0,100365.5,2.458,11.686,14.144,4846478.0,6348308.9,1.3099,0,0,0,1
m9_p1024_k200k_s32000_r30_c56_m55_0,200000,rocksdb,56.89,10.0,32677.0,97222.5,1.45,20.213,21.663,11548761.5,13785807.1,1.1937,0,0,0,1
m9_p1024_k200k_s32000_r30_c80_m55_0,200000,rocksdb,89.11,8.07,32677.0,101567.0,70.855,13.141,83.996,169953074.4,189601988.7,1.1156,0,0,0,1
m9_p1024_k200k_s32000_r30_c80_m55_0,200000,rocksdb,89.11,8.07,32677.0,103475.5,5.101,6.515,11.616,3221884.9,5520251.3,1.7134,0,0,0,1
m9_p1024_k200k_s32000_r30_c80_m55_0,200000,rocksdb,89.11,8.07,32677.0,90129.0,45.186,6.247,51.433,67804471.4,82593310.6,1.2181,0,0,0,1
m9_p1024_k200k_s32000_r30_c80_m55_0,200000,rocksdb,89.11,8.07,32677.0,91803.0,31.162,25.217,56.379,80635747.8,84261766.9,1.045,0,0,0,1
m9_p1024_k200k_s32000_r30_c80_m55_0,200000,rocksdb,89.11,8.07,32677.0,106281.5,79.968,9.528,89.496,188960511.6,205872138.5,1.0895,0,0,0,1
m9_p1024_k200k_s32000_r30_c80_m55_0,200000,rocksdb,89.11,8.07,32677.0,88633.5,33.272,5.884,39.156,39679450.0,46509449.0,1.1721,0,0,0,1
m9_p1024_k200k_s32000_r30_c80_m55_0,200000,rocksdb,89.11,8.07,32677.0,103838.0,52.195,17.556,69.751,115993165.3,125369673.9,1.0808,0,0,0,1
m9_p1024_k200k_s32000_r65_c56_m55_0,200000,rocksdb,56.47,9.79,70801.0,108521.5,60.828,88.141,148.969,2260163637.2,86832743.9,0.0384,0,1,0,0
m9_p1024_k200k_s32000_r65_c56_m55_0,200000,rocksdb,56.47,9.79,70801.0,105554.0,6.979,150.349,157.328,2661357020.4,265348831.2,0.0997,0,1,0,0
