hours_since_start,mbps,sweep,wall
0.000,115.5,m2,2026-09-07 00:07:52
0.160,116.5,m2,2026-09-07 00:17:26
0.319,126.6,m2,2026-09-07 00:27:00
0.479,116.7,m2,2026-09-07 00:36:35
0.638,251.6,m2,2026-09-07 00:46:09
0.797,272.1,m2,2026-09-07 00:55:43
1.116,212.3,m2,2026-09-07 01:14:49
1.275,209.0,m2,2026-09-07 01:24:23
1.435,214.7,m2,2026-09-07 01:33:57
1.594,202.8,m2,2026-09-07 01:43:30
1.753,212.6,m2,2026-09-07 01:53:04
1.913,211.3,m2,2026-09-07 02:02:38
2.072,185.4,m2,2026-09-07 02:12:11
2.232,254.9,m2,2026-09-07 02:21:45
2.391,253.1,m2,2026-09-07 02:31:19
2.550,245.2,m2,2026-09-07 02:40:53
2.709,249.5,m2,2026-09-07 02:50:26
2.869,260.2,m2,2026-09-07 02:59:59
3.028,187.0,m2,2026-09-07 03:09:32
3.187,170.5,m2,2026-09-07 03:19:05
3.346,275.5,m2,2026-09-07 03:28:39
3.506,260.1,m2,2026-09-07 03:38:12
3.665,288.3,m2,2026-09-07 03:47:46
3.824,276.1,m2,2026-09-07 03:57:20
3.984,245.9,m2,2026-09-07 04:06:53
4.143,227.3,m2,2026-09-07 04:16:27
4.303,218.4,m2,2026-09-07 04:26:01
4.462,224.1,m2,2026-09-07 04:35:34
4.571,216.7,m2,2026-09-07 04:42:08
4.681,220.0,m2,2026-09-07 04:48:42
4.790,183.5,m2,2026-09-07 04:55:15
4.899,206.0,m2,2026-09-07 05:01:49
5.009,194.8,m2,2026-09-07 05:08:22
5.118,191.0,m2,2026-09-07 05:14:55
5.227,196.8,m2,2026-09-07 05:21:29
5.436,195.1,m2,2026-09-07 05:34:03
5.646,195.7,m2,2026-09-07 05:46:37
5.855,177.8,m2,2026-09-07 05:59:10
6.065,199.9,m2,2026-09-07 06:11:44
6.274,181.2,m2,2026-09-07 06:24:17
6.483,153.6,m2,2026-09-07 06:36:51
6.707,151.0,m3,2026-09-07 06:50:16
6.816,149.4,m3,2026-09-07 06:56:50
6.926,154.1,m3,2026-09-07 07:03:23
7.035,170.3,m3,2026-09-07 07:09:57
7.144,168.5,m3,2026-09-07 07:16:30
7.253,142.2,m3,2026-09-07 07:23:03
7.362,166.1,m3,2026-09-07 07:29:36
7.472,153.9,m3,2026-09-07 07:36:09
7.608,150.8,m3,2026-09-07 07:44:19
7.743,156.3,m3,2026-09-07 07:52:28
7.880,106.2,m3,2026-09-07 08:00:41
8.016,92.0,m3,2026-09-07 08:08:49
8.287,126.1,m3,2026-09-07 08:25:06
8.401,125.3,m3,2026-09-07 08:31:54
8.514,129.3,m3,2026-09-07 08:38:44
8.628,126.1,m3,2026-09-07 08:45:32
8.741,135.8,m3,2026-09-07 08:52:21
8.855,156.9,m3,2026-09-07 08:59:09
8.968,134.6,m3,2026-09-07 09:05:58
9.082,137.5,m3,2026-09-07 09:12:47
9.191,150.5,m3,2026-09-07 09:19:21
9.301,132.9,m3,2026-09-07 09:25:54
9.410,131.7,m3,2026-09-07 09:32:28
9.520,135.3,m3,2026-09-07 09:39:02
9.629,119.8,m3,2026-09-07 09:45:35
9.738,131.7,m3,2026-09-07 09:52:09
9.847,119.2,m3,2026-09-07 09:58:42
10.017,110.5,m3,2026-09-07 10:08:51
10.186,115.5,m3,2026-09-07 10:19:00
10.355,208.6,m3,2026-09-07 10:29:10
10.514,193.7,m3,2026-09-07 10:38:44
10.674,134.3,m3,2026-09-07 10:48:18
10.833,104.4,m3,2026-09-07 10:57:51
10.993,95.3,m3,2026-09-07 11:07:25
11.152,96.9,m3,2026-09-07 11:16:58
11.471,91.9,m3,2026-09-07 11:36:06
11.747,86.1,m3,2026-09-07 11:52:39
12.023,93.3,m3,2026-09-07 12:09:14
12.299,98.9,m3,2026-09-07 12:25:48
12.575,97.3,m3,2026-09-07 12:42:22
12.851,89.9,m3,2026-09-07 12:58:55
13.127,89.8,m3,2026-09-07 13:15:28
13.411,82.1,m4,2026-09-07 13:32:30
13.520,80.7,m4,2026-09-07 13:39:04
13.630,83.7,m4,2026-09-07 13:45:38
13.739,89.6,m4,2026-09-07 13:52:12
13.848,87.4,m4,2026-09-07 13:58:46
13.958,87.5,m4,2026-09-07 14:05:19
14.067,74.6,m4,2026-09-07 14:11:52
14.176,79.6,m4,2026-09-07 14:18:26
14.336,79.9,m4,2026-09-07 14:28:00
14.495,79.4,m4,2026-09-07 14:37:34
14.655,73.3,m4,2026-09-07 14:47:08
14.814,75.0,m4,2026-09-07 14:56:43
14.974,72.9,m4,2026-09-07 15:06:17
15.292,77.2,m4,2026-09-07 15:25:24
15.452,77.2,m4,2026-09-07 15:34:57
15.611,75.3,m4,2026-09-07 15:44:31
15.771,70.4,m4,2026-09-07 15:54:06
15.930,73.5,m4,2026-09-07 16:03:40
16.089,68.0,m4,2026-09-07 16:13:14
16.249,72.7,m4,2026-09-07 16:22:48
16.408,78.7,m4,2026-09-07 16:32:22
16.568,72.8,m4,2026-09-07 16:41:57
16.728,80.2,m4,2026-09-07 16:51:32
16.887,77.1,m4,2026-09-07 17:01:05
17.047,74.1,m4,2026-09-07 17:10:40
17.206,80.7,m4,2026-09-07 17:20:13
17.365,78.0,m4,2026-09-07 17:29:47
17.525,62.9,m4,2026-09-07 17:39:20
17.667,64.3,m4,2026-09-07 17:47:55
17.810,63.4,m4,2026-09-07 17:56:28
17.953,66.7,m4,2026-09-07 18:05:02
18.096,71.2,m4,2026-09-07 18:13:36
18.238,70.2,m4,2026-09-07 18:22:10
18.524,67.6,m4,2026-09-07 18:39:18
18.684,70.7,m4,2026-09-07 18:48:53
18.844,75.3,m4,2026-09-07 18:58:28
19.003,79.1,m4,2026-09-07 19:08:04
19.164,75.2,m4,2026-09-07 19:17:41
19.323,71.7,m4,2026-09-07 19:27:15
19.483,87.9,m4,2026-09-07 19:36:50
19.678,72.2,m5,2026-09-07 19:48:33
19.838,72.4,m5,2026-09-07 19:58:07
19.997,79.0,m5,2026-09-07 20:07:42
20.157,75.0,m5,2026-09-07 20:17:15
20.316,72.1,m5,2026-09-07 20:26:49
20.476,73.0,m5,2026-09-07 20:36:24
20.635,81.2,m5,2026-09-07 20:45:58
20.795,72.2,m5,2026-09-07 20:55:32
20.954,67.9,m5,2026-09-07 21:05:06
21.113,72.1,m5,2026-09-07 21:14:40
21.273,64.0,m5,2026-09-07 21:24:14
21.432,74.2,m5,2026-09-07 21:33:48
21.592,75.4,m5,2026-09-07 21:43:22
21.752,70.2,m5,2026-09-07 21:52:57
23.791,64.4,m5,2026-09-07 23:55:18
23.950,62.9,m5,2026-09-08 00:04:52
24.110,60.9,m5,2026-09-08 00:14:27
24.269,61.4,m5,2026-09-08 00:24:01
24.429,63.9,m5,2026-09-08 00:33:36
24.589,64.4,m5,2026-09-08 00:43:11
24.748,61.3,m5,2026-09-08 00:52:45
24.921,60.1,m6,2026-09-08 01:03:09
25.114,66.1,m6,2026-09-08 01:14:42
25.307,78.6,m6,2026-09-08 01:26:16
25.499,75.8,m6,2026-09-08 01:37:49
25.692,79.4,m6,2026-09-08 01:49:24
25.885,72.0,m6,2026-09-08 02:00:58
26.078,67.9,m6,2026-09-08 02:12:31
26.270,62.3,m6,2026-09-08 02:24:05
26.463,69.8,m6,2026-09-08 02:35:39
26.656,58.7,m6,2026-09-08 02:47:13
26.849,47.3,m6,2026-09-08 02:58:48
27.008,55.3,m6,2026-09-08 03:08:22
27.168,63.7,m6,2026-09-08 03:17:58
27.328,64.9,m6,2026-09-08 03:27:33
27.488,60.6,m6,2026-09-08 03:37:07
27.647,61.2,m6,2026-09-08 03:46:42
27.807,60.1,m6,2026-09-08 03:56:16
27.966,60.7,m6,2026-09-08 04:05:51
28.126,58.4,m6,2026-09-08 04:15:24
28.285,59.2,m6,2026-09-08 04:24:59
28.445,61.7,m6,2026-09-08 04:34:34
28.604,58.5,m6,2026-09-08 04:44:07
28.764,61.0,m6,2026-09-08 04:53:41
28.924,63.2,m6,2026-09-08 05:03:16
29.083,66.1,m6,2026-09-08 05:12:51
29.243,67.2,m6,2026-09-08 05:22:25
29.562,69.8,m6,2026-09-08 05:41:34
29.772,60.4,m6,2026-09-08 05:54:10
29.981,65.2,m6,2026-09-08 06:06:45
30.191,72.0,m6,2026-09-08 06:19:19
30.400,63.1,m6,2026-09-08 06:31:52
30.610,69.6,m6,2026-09-08 06:44:26
30.885,62.5,m6,2026-09-08 07:00:59
31.162,66.8,m6,2026-09-08 07:17:33
