ts,label,dataset,sigma_target,sigma_true,sigma_hat,pi_hat,cores_b,plan,K,setup_s,setup_bytes,pq_s_med,pq_s_p90,pq_bytes,rows,total_s,total_usd,pred_setup_s,pred_pq_s,pred_kstar_time,pred_kstar_cost
2026-09-05T08:54:20,10gbit_native,synth,0.001,0.001,0.001004,0.239041,8,FULL_SHIP,20,2.497,2008410211,0.00446,0.00781,0,40000,2.607,0.168343,2.3702,0.18855,inf,996.5
2026-09-05T08:54:23,10gbit_native,synth,0.001,0.001,0.001004,0.239041,8,FULL_SHIP,20,2.0789,2008410211,0.00437,0.00466,0,40000,2.169,0.168343,2.3702,0.18855,inf,996.5
2026-09-05T08:54:28,10gbit_native,synth,0.1,0.1,0.100352,0.239041,8,FULL_SHIP,20,2.2775,2008410211,0.08377,0.09052,0,4000000,4.004,0.168343,2.3702,0.18855,inf,10.0
2026-09-05T08:54:32,10gbit_native,synth,0.1,0.1,0.100352,0.239041,8,FULL_SHIP,20,2.2468,2008410211,0.08573,0.0883,0,4000000,3.976,0.168343,2.3702,0.18855,inf,10.0
2026-09-05T08:54:53,10gbit_native,synth,1.0,1.0,1.0,0.239041,8,FULL_SHIP,20,3.1238,2008410211,0.83794,0.85856,0,40000000,19.927,0.168343,2.3702,0.18855,1.4,1.0
2026-09-05T08:55:11,10gbit_native,synth,1.0,1.0,1.0,0.239041,8,FULL_SHIP,20,2.1992,2008410211,0.82487,0.85685,0,40000000,18.195,0.168343,2.3702,0.18855,1.4,1.0
2026-09-05T08:55:15,10gbit_native,synth,0.001,0.001,0.001004,0.239041,1,PROJECT_ONLY,20,3.1014,501565117,0.0048,0.00523,0,40000,3.202,0.042041,1.3761,0.18855,2.2,996.5
2026-09-05T08:55:19,10gbit_native,synth,0.001,0.001,0.001004,0.239041,1,PROJECT_ONLY,20,3.1389,501565117,0.00463,0.00504,0,40000,3.235,0.042041,1.3761,0.18855,2.2,996.5
2026-09-05T08:55:25,10gbit_native,synth,0.1,0.1,0.100352,0.239041,1,PROJECT_ONLY,20,3.265,501565117,0.08873,0.08975,0,4000000,5.038,0.042041,1.3761,0.18855,2.0,10.0
2026-09-05T08:55:30,10gbit_native,synth,0.1,0.1,0.100352,0.239041,1,PROJECT_ONLY,20,3.1689,501565117,0.08801,0.08963,0,4000000,4.934,0.042041,1.3761,0.18855,2.0,10.0
2026-09-05T08:55:48,10gbit_native,synth,1.0,1.0,1.0,0.239041,1,PROJECT_ONLY,20,3.1425,501565117,0.65098,0.88185,0,40000000,17.341,0.042041,1.3761,0.18855,1.2,1.0
2026-09-05T08:56:06,10gbit_native,synth,1.0,1.0,1.0,0.239041,1,PROJECT_ONLY,20,3.0723,501565117,0.65312,0.87119,0,40000000,17.163,0.042041,1.3761,0.18855,1.2,1.0
2026-09-05T08:56:09,10gbit_native,synth,0.001,0.001,0.001004,0.239041,2,PROJECT_ONLY,20,3.1502,501565117,0.0046,0.00509,0,40000,3.246,0.042041,0.9713,0.18855,4.5,996.5
2026-09-05T08:56:13,10gbit_native,synth,0.001,0.001,0.001004,0.239041,2,PROJECT_ONLY,20,3.281,501565117,0.00486,0.0058,0,40000,3.384,0.042041,0.9713,0.18855,4.5,996.5
2026-09-05T08:56:19,10gbit_native,synth,0.1,0.1,0.100352,0.239041,2,PROJECT_ONLY,20,3.1701,501565117,0.08937,0.09094,0,4000000,4.961,0.042041,0.9713,0.18855,3.6,10.0
2026-09-05T08:56:24,10gbit_native,synth,0.1,0.1,0.100352,0.239041,2,PROJECT_ONLY,20,3.2618,501565117,0.08842,0.09088,0,4000000,5.044,0.042041,0.9713,0.18855,3.6,10.0
2026-09-05T08:56:42,10gbit_native,synth,1.0,1.0,1.0,0.239041,2,PROJECT_ONLY,20,3.088,501565117,0.66344,0.88731,0,40000000,17.399,0.042041,0.9713,0.18855,1.2,1.0
2026-09-05T08:57:00,10gbit_native,synth,1.0,1.0,1.0,0.239041,2,PROJECT_ONLY,20,3.4032,501565117,0.6569,0.86278,0,40000000,17.465,0.042041,0.9713,0.18855,1.2,1.0
2026-09-05T08:57:04,10gbit_native,synth,0.001,0.001,0.001004,0.239041,4,PROJECT_ONLY,20,3.376,501565117,0.00466,0.00492,0,40000,3.473,0.042041,0.769,0.18855,53.4,996.5
2026-09-05T08:57:08,10gbit_native,synth,0.001,0.001,0.001004,0.239041,4,PROJECT_ONLY,20,3.1844,501565117,0.00469,0.00807,0,40000,3.297,0.042041,0.769,0.18855,53.4,996.5
2026-09-05T08:57:14,10gbit_native,synth,0.1,0.1,0.100352,0.239041,4,PROJECT_ONLY,20,3.2736,501565117,0.08855,0.09077,0,4000000,5.05,0.042041,0.769,0.18855,10.9,10.0
2026-09-05T08:57:19,10gbit_native,synth,0.1,0.1,0.100352,0.239041,4,PROJECT_ONLY,20,3.1573,501565117,0.08842,0.09175,0,4000000,4.929,0.042041,0.769,0.18855,10.9,10.0
2026-09-05T08:57:37,10gbit_native,synth,1.0,1.0,1.0,0.239041,4,PROJECT_ONLY,20,3.1394,501565117,0.65503,0.88291,0,40000000,17.377,0.042041,0.769,0.18855,1.3,1.0
2026-09-05T08:57:55,10gbit_native,synth,1.0,1.0,1.0,0.239041,4,PROJECT_ONLY,20,3.1271,501565117,0.65946,0.88199,0,40000000,17.39,0.042041,0.769,0.18855,1.3,1.0
2026-09-05T08:57:59,10gbit_native,synth,0.001,0.001,0.001004,0.239041,8,PROJECT_ONLY,20,3.1103,501565117,0.00472,0.00547,0,40000,3.21,0.042041,0.6678,0.18855,inf,996.5
2026-09-05T08:58:03,10gbit_native,synth,0.001,0.001,0.001004,0.239041,8,PROJECT_ONLY,20,3.1657,501565117,0.00478,0.00568,0,40000,3.267,0.042041,0.6678,0.18855,inf,996.5
2026-09-05T08:58:08,10gbit_native,synth,0.1,0.1,0.100352,0.239041,8,PROJECT_ONLY,20,3.1208,501565117,0.08894,0.09013,0,4000000,4.9,0.042041,0.6678,0.18855,inf,10.0
2026-09-05T08:58:13,10gbit_native,synth,0.1,0.1,0.100352,0.239041,8,PROJECT_ONLY,20,3.1223,501565117,0.09061,0.09409,0,4000000,4.926,0.042041,0.6678,0.18855,inf,10.0
2026-09-05T08:58:31,10gbit_native,synth,1.0,1.0,1.0,0.239041,8,PROJECT_ONLY,20,3.2525,501565117,0.65972,0.87345,0,40000000,17.536,0.042041,0.6678,0.18855,1.4,1.0
2026-09-05T08:58:49,10gbit_native,synth,1.0,1.0,1.0,0.239041,8,PROJECT_ONLY,20,3.1107,501565117,0.66988,0.87816,0,40000000,17.431,0.042041,0.6678,0.18855,1.4,1.0
2026-09-05T08:58:51,10gbit_native,synth,0.001,0.001,0.001004,0.239041,1,FULL_PUSH,20,0.0,0,0.02386,0.02882,630100,40000,0.544,0.001056,0.0,0.81006,2.2,996.5
2026-09-05T08:58:52,10gbit_native,synth,0.001,0.001,0.001004,0.239041,1,FULL_PUSH,20,0.0,0,0.02948,0.03246,630100,40000,0.594,0.001056,0.0,0.81006,2.2,996.5
2026-09-05T08:58:54,10gbit_native,synth,0.01,0.01,0.010035,0.239041,1,FULL_PUSH,20,0.0,0,0.05869,0.07959,5341689,400000,1.295,0.008955,0.0,0.81518,2.2,99.6
2026-09-05T08:58:56,10gbit_native,synth,0.01,0.01,0.010035,0.239041,1,FULL_PUSH,20,0.0,0,0.06025,0.08006,5341689,400000,1.284,0.008955,0.0,0.81518,2.2,99.6
2026-09-05T08:59:01,10gbit_native,synth,0.05,0.05,0.050176,0.239041,1,FULL_PUSH,20,0.0,0,0.20832,0.22295,25100847,2000000,4.295,0.042079,0.0,0.83792,2.1,19.9
2026-09-05T08:59:18,10gbit_native,synth,0.05,0.05,0.050176,0.239041,1,FULL_PUSH,20,0.0,0,0.18518,0.22615,25100847,2000000,3.872,0.042079,0.0,0.83792,2.1,19.9
2026-09-05T08:59:27,10gbit_native,synth,0.1,0.1,0.100352,0.239041,1,FULL_PUSH,20,0.0,0,0.3589,0.3928,50211180,4000000,7.386,0.084173,0.0,0.86635,2.0,10.0
2026-09-05T08:59:36,10gbit_native,synth,0.1,0.1,0.100352,0.239041,1,FULL_PUSH,20,0.0,0,0.3805,0.4036,50211180,4000000,7.578,0.084173,0.0,0.86635,2.0,10.0
2026-09-05T08:59:56,10gbit_native,synth,0.25,0.25,0.25088,0.239041,1,FULL_PUSH,20,0.0,0,0.85545,0.89084,125529497,10000000,17.202,0.210435,0.0,0.95164,1.8,4.0
2026-09-05T09:00:18,10gbit_native,synth,0.25,0.25,0.25088,0.239041,1,FULL_PUSH,20,0.0,0,0.83929,0.86915,125529497,10000000,16.919,0.210435,0.0,0.95164,1.8,4.0
2026-09-05T09:00:56,10gbit_native,synth,0.5,0.5,0.500756,0.239041,1,FULL_PUSH,20,0.0,0,1.6245,1.67371,250824907,20000000,32.672,0.420478,0.0,1.09321,1.5,2.0
2026-09-05T09:01:36,10gbit_native,synth,0.5,0.5,0.500756,0.239041,1,FULL_PUSH,20,0.0,0,1.6324,1.7327,250824907,20000000,33.1,0.420478,0.0,1.09321,1.5,2.0
2026-09-05T09:02:49,10gbit_native,synth,1.0,1.0,1.0,0.239041,1,FULL_PUSH,20,0.0,0,3.13627,3.19634,501565117,40000000,62.879,0.840814,0.0,1.37607,1.2,1.0
2026-09-05T09:04:05,10gbit_native,synth,1.0,1.0,1.0,0.239041,1,FULL_PUSH,20,0.0,0,3.16465,3.20967,501565117,40000000,63.652,0.840814,0.0,1.37607,1.2,1.0
2026-09-05T09:04:06,10gbit_native,synth,0.001,0.001,0.001004,0.239041,2,FULL_PUSH,20,0.0,0,0.02305,0.03372,630100,40000,0.535,0.001056,0.0,0.40531,4.5,996.5
2026-09-05T09:04:08,10gbit_native,synth,0.001,0.001,0.001004,0.239041,2,FULL_PUSH,20,0.0,0,0.02865,0.03373,630100,40000,0.625,0.001056,0.0,0.40531,4.5,996.5
2026-09-05T09:04:10,10gbit_native,synth,0.01,0.01,0.010035,0.239041,2,FULL_PUSH,20,0.0,0,0.06585,0.0897,5341689,400000,1.365,0.008955,0.0,0.41043,4.4,99.6
2026-09-05T09:04:12,10gbit_native,synth,0.01,0.01,0.010035,0.239041,2,FULL_PUSH,20,0.0,0,0.05675,0.07449,5341689,400000,1.281,0.008955,0.0,0.41043,4.4,99.6
2026-09-05T09:04:17,10gbit_native,synth,0.05,0.05,0.050176,0.239041,2,FULL_PUSH,20,0.0,0,0.21151,0.23024,25100847,2000000,4.181,0.042079,0.0,0.43317,4.0,19.9
2026-09-05T09:04:23,10gbit_native,synth,0.05,0.05,0.050176,0.239041,2,FULL_PUSH,20,0.0,0,0.20627,0.22692,25100847,2000000,4.109,0.042079,0.0,0.43317,4.0,19.9
2026-09-05T09:04:32,10gbit_native,synth,0.1,0.1,0.100352,0.239041,2,FULL_PUSH,20,0.0,0,0.36514,0.39787,50211180,4000000,7.341,0.084173,0.0,0.4616,3.6,10.0
2026-09-05T09:04:40,10gbit_native,synth,0.1,0.1,0.100352,0.239041,2,FULL_PUSH,20,0.0,0,0.3559,0.40596,50211180,4000000,7.312,0.084173,0.0,0.4616,3.6,10.0
2026-09-05T09:05:01,10gbit_native,synth,0.25,0.25,0.25088,0.239041,2,FULL_PUSH,20,0.0,0,0.86505,0.89781,125529497,10000000,17.238,0.210435,0.0,0.54689,2.7,4.0
2026-09-05T09:05:21,10gbit_native,synth,0.25,0.25,0.25088,0.239041,2,FULL_PUSH,20,0.0,0,0.87112,0.91264,125529497,10000000,17.42,0.210435,0.0,0.54689,2.7,4.0
2026-09-05T09:05:59,10gbit_native,synth,0.5,0.5,0.500756,0.239041,2,FULL_PUSH,20,0.0,0,1.63016,1.68561,250824907,20000000,32.804,0.420478,0.0,0.68846,1.9,2.0
2026-09-05T09:06:38,10gbit_native,synth,0.5,0.5,0.500756,0.239041,2,FULL_PUSH,20,0.0,0,1.64272,1.67862,250824907,20000000,32.835,0.420478,0.0,0.68846,1.9,2.0
2026-09-05T09:07:52,10gbit_native,synth,1.0,1.0,1.0,0.239041,2,FULL_PUSH,20,0.0,0,3.18761,3.31904,501565117,40000000,63.847,0.840814,0.0,0.97132,1.2,1.0
2026-09-05T09:09:06,10gbit_native,synth,1.0,1.0,1.0,0.239041,2,FULL_PUSH,20,0.0,0,3.15221,3.19711,501565117,40000000,63.256,0.840814,0.0,0.97132,1.2,1.0
2026-09-05T09:09:07,10gbit_native,synth,0.001,0.001,0.001004,0.239041,4,FULL_PUSH,20,0.0,0,0.02296,0.02656,630100,40000,0.487,0.001056,0.0,0.20294,53.4,996.5
2026-09-05T09:09:08,10gbit_native,synth,0.001,0.001,0.001004,0.239041,4,FULL_PUSH,20,0.0,0,0.02414,0.02989,630100,40000,0.531,0.001056,0.0,0.20294,53.4,996.5
2026-09-05T09:09:10,10gbit_native,synth,0.01,0.01,0.010035,0.239041,4,FULL_PUSH,20,0.0,0,0.08345,0.09917,5341689,400000,1.576,0.008955,0.0,0.20806,39.4,99.6
2026-09-05T09:09:13,10gbit_native,synth,0.01,0.01,0.010035,0.239041,4,FULL_PUSH,20,0.0,0,0.05374,0.07533,5341689,400000,1.225,0.008955,0.0,0.20806,39.4,99.6
2026-09-05T09:09:18,10gbit_native,synth,0.05,0.05,0.050176,0.239041,4,FULL_PUSH,20,0.0,0,0.1967,0.22694,25100847,2000000,4.025,0.042079,0.0,0.2308,18.2,19.9
2026-09-05T09:09:23,10gbit_native,synth,0.05,0.05,0.050176,0.239041,4,FULL_PUSH,20,0.0,0,0.18177,0.21175,25100847,2000000,3.812,0.042079,0.0,0.2308,18.2,19.9
2026-09-05T09:09:31,10gbit_native,synth,0.1,0.1,0.100352,0.239041,4,FULL_PUSH,20,0.0,0,0.34608,0.39337,50211180,4000000,7.213,0.084173,0.0,0.25923,10.9,10.0
2026-09-05T09:09:40,10gbit_native,synth,0.1,0.1,0.100352,0.239041,4,FULL_PUSH,20,0.0,0,0.36979,0.39936,50211180,4000000,7.374,0.084173,0.0,0.25923,10.9,10.0
2026-09-05T09:10:00,10gbit_native,synth,0.25,0.25,0.25088,0.239041,4,FULL_PUSH,20,0.0,0,0.84929,0.87765,125529497,10000000,17.073,0.210435,0.0,0.34452,4.9,4.0
2026-09-05T09:10:21,10gbit_native,synth,0.25,0.25,0.25088,0.239041,4,FULL_PUSH,20,0.0,0,0.86496,0.90137,125529497,10000000,17.307,0.210435,0.0,0.34452,4.9,4.0
2026-09-05T09:10:59,10gbit_native,synth,0.5,0.5,0.500756,0.239041,4,FULL_PUSH,20,0.0,0,1.63265,1.66997,250824907,20000000,32.703,0.420478,0.0,0.48609,2.6,2.0
2026-09-05T09:11:37,10gbit_native,synth,0.5,0.5,0.500756,0.239041,4,FULL_PUSH,20,0.0,0,1.62359,1.6663,250824907,20000000,32.556,0.420478,0.0,0.48609,2.6,2.0
2026-09-05T09:12:52,10gbit_native,synth,1.0,1.0,1.0,0.239041,4,FULL_PUSH,20,0.0,0,3.19245,3.25495,501565117,40000000,64.279,0.840814,0.0,0.76895,1.3,1.0
2026-09-05T09:14:10,10gbit_native,synth,1.0,1.0,1.0,0.239041,4,FULL_PUSH,20,0.0,0,3.13928,3.17747,501565117,40000000,62.827,0.840814,0.0,0.76895,1.3,1.0
2026-09-05T09:14:12,10gbit_native,synth,0.001,0.001,0.001004,0.239041,8,FULL_PUSH,20,0.0,0,0.02921,0.05271,630100,40000,0.688,0.001056,0.0,0.10176,inf,996.5
2026-09-05T09:14:13,10gbit_native,synth,0.001,0.001,0.001004,0.239041,8,FULL_PUSH,20,0.0,0,0.02289,0.02577,630100,40000,0.513,0.001056,0.0,0.10176,inf,996.5
2026-09-05T09:14:15,10gbit_native,synth,0.01,0.01,0.010035,0.239041,8,FULL_PUSH,20,0.0,0,0.05593,0.07286,5341689,400000,1.265,0.008955,0.0,0.10687,inf,99.6
2026-09-05T09:14:18,10gbit_native,synth,0.01,0.01,0.010035,0.239041,8,FULL_PUSH,20,0.0,0,0.05555,0.08206,5341689,400000,1.252,0.008955,0.0,0.10687,inf,99.6
2026-09-05T09:14:23,10gbit_native,synth,0.05,0.05,0.050176,0.239041,8,FULL_PUSH,20,0.0,0,0.1904,0.24098,25100847,2000000,3.945,0.042079,0.0,0.12962,inf,19.9
2026-09-05T09:14:28,10gbit_native,synth,0.05,0.05,0.050176,0.239041,8,FULL_PUSH,20,0.0,0,0.18432,0.21961,25100847,2000000,3.842,0.042079,0.0,0.12962,inf,19.9
2026-09-05T09:14:37,10gbit_native,synth,0.1,0.1,0.100352,0.239041,8,FULL_PUSH,20,0.0,0,0.37411,0.40631,50211180,4000000,7.456,0.084173,0.0,0.15804,inf,10.0
2026-09-05T09:14:45,10gbit_native,synth,0.1,0.1,0.100352,0.239041,8,FULL_PUSH,20,0.0,0,0.36983,0.39095,50211180,4000000,7.354,0.084173,0.0,0.15804,inf,10.0
2026-09-05T09:15:05,10gbit_native,synth,0.25,0.25,0.25088,0.239041,8,FULL_PUSH,20,0.0,0,0.8536,0.89649,125529497,10000000,17.237,0.210435,0.0,0.24333,12.2,4.0
2026-09-05T09:15:27,10gbit_native,synth,0.25,0.25,0.25088,0.239041,8,FULL_PUSH,20,0.0,0,0.86086,0.89921,125529497,10000000,17.25,0.210435,0.0,0.24333,12.2,4.0
2026-09-05T09:16:07,10gbit_native,synth,0.5,0.5,0.500756,0.239041,8,FULL_PUSH,20,0.0,0,1.64467,1.73357,250824907,20000000,33.288,0.420478,0.0,0.3849,3.4,2.0
2026-09-05T09:16:46,10gbit_native,synth,0.5,0.5,0.500756,0.239041,8,FULL_PUSH,20,0.0,0,1.65622,1.70618,250824907,20000000,33.304,0.420478,0.0,0.3849,3.4,2.0
2026-09-05T09:18:02,10gbit_native,synth,1.0,1.0,1.0,0.239041,8,FULL_PUSH,20,0.0,0,3.17625,3.31671,501565117,40000000,64.279,0.840814,0.0,0.66777,1.4,1.0
2026-09-05T09:19:17,10gbit_native,synth,1.0,1.0,1.0,0.239041,8,FULL_PUSH,20,0.0,0,3.14422,3.1882,501565117,40000000,62.756,0.840814,0.0,0.66777,1.4,1.0
2026-09-05T09:30:24,1gbit_50ms,synth,0.001,0.001,0.001004,0.239041,8,FULL_SHIP,10,21.9526,2008410211,0.00457,0.00567,0,40000,22.001,0.168343,21.8919,0.18884,inf,996.5
2026-09-05T09:30:47,1gbit_50ms,synth,0.001,0.001,0.001004,0.239041,8,FULL_SHIP,10,22.4322,2008410211,0.00453,0.00687,0,40000,22.493,0.168343,21.8919,0.18884,inf,996.5
2026-09-05T09:31:11,1gbit_50ms,synth,0.1,0.1,0.100352,0.239041,8,FULL_SHIP,10,22.0578,2008410211,0.08201,0.08705,0,4000000,22.897,0.168343,21.8919,0.18884,12.2,10.0
2026-09-05T09:31:34,1gbit_50ms,synth,0.1,0.1,0.100352,0.239041,8,FULL_SHIP,10,21.1198,2008410211,0.08301,0.08654,0,4000000,21.953,0.168343,21.8919,0.18884,12.2,10.0
2026-09-05T09:32:05,1gbit_50ms,synth,1.0,1.0,1.0,0.239041,8,FULL_SHIP,10,21.9041,2008410211,0.81122,0.83305,0,40000000,30.064,0.168343,21.8919,0.18884,1.0,1.0
2026-09-05T09:32:36,1gbit_50ms,synth,1.0,1.0,1.0,0.239041,8,FULL_SHIP,10,22.3274,2008410211,0.81102,0.83154,0,40000000,29.815,0.168343,21.8919,0.18884,1.0,1.0
2026-09-05T09:32:48,1gbit_50ms,synth,0.001,0.001,0.001004,0.239041,1,PROJECT_ONLY,10,11.6727,501565117,0.00477,0.00513,0,40000,11.723,0.042041,6.0526,0.18884,9.5,996.5
2026-09-05T09:33:01,1gbit_50ms,synth,0.001,0.001,0.001004,0.239041,1,PROJECT_ONLY,10,11.7324,501565117,0.00478,0.00525,0,40000,11.783,0.042041,6.0526,0.18884,9.5,996.5
2026-09-05T09:33:14,1gbit_50ms,synth,0.1,0.1,0.100352,0.239041,1,PROJECT_ONLY,10,11.654,501565117,0.09017,0.10298,0,4000000,12.576,0.042041,6.0526,0.18884,5.2,10.0
2026-09-05T09:33:28,1gbit_50ms,synth,0.1,0.1,0.100352,0.239041,1,PROJECT_ONLY,10,11.6387,501565117,0.09057,0.10041,0,4000000,12.569,0.042041,6.0526,0.18884,5.2,10.0
2026-09-05T09:33:48,1gbit_50ms,synth,1.0,1.0,1.0,0.239041,1,PROJECT_ONLY,10,11.7112,501565117,0.74327,0.8693,0,40000000,19.221,0.042041,6.0526,0.18884,1.0,1.0
2026-09-05T09:34:08,1gbit_50ms,synth,1.0,1.0,1.0,0.239041,1,PROJECT_ONLY,10,11.6318,501565117,0.73776,0.86177,0,40000000,19.171,0.042041,6.0526,0.18884,1.0,1.0
2026-09-05T09:34:20,1gbit_50ms,synth,0.001,0.001,0.001004,0.239041,2,PROJECT_ONLY,10,11.671,501565117,0.00478,0.00548,0,40000,11.721,0.042041,5.6429,0.18884,24.9,996.5
2026-09-05T09:34:33,1gbit_50ms,synth,0.001,0.001,0.001004,0.239041,2,PROJECT_ONLY,10,11.6814,501565117,0.00493,0.00617,0,40000,11.733,0.042041,5.6429,0.18884,24.9,996.5
2026-09-05T09:34:47,1gbit_50ms,synth,0.1,0.1,0.100352,0.239041,2,PROJECT_ONLY,10,11.7029,501565117,0.09034,0.09346,0,4000000,12.61,0.042041,5.6429,0.18884,7.6,10.0
2026-09-05T09:35:00,1gbit_50ms,synth,0.1,0.1,0.100352,0.239041,2,PROJECT_ONLY,10,11.7621,501565117,0.08961,0.0974,0,4000000,12.669,0.042041,5.6429,0.18884,7.6,10.0
2026-09-05T09:35:20,1gbit_50ms,synth,1.0,1.0,1.0,0.239041,2,PROJECT_ONLY,10,11.751,501565117,0.76247,0.87134,0,40000000,19.391,0.042041,5.6429,0.18884,1.0,1.0
2026-09-05T09:35:41,1gbit_50ms,synth,1.0,1.0,1.0,0.239041,2,PROJECT_ONLY,10,11.7089,501565117,0.73706,0.88215,0,40000000,19.291,0.042041,5.6429,0.18884,1.0,1.0
2026-09-05T09:35:53,1gbit_50ms,synth,0.001,0.001,0.001004,0.239041,4,PROJECT_ONLY,10,11.786,501565117,0.00464,0.00531,0,40000,11.836,0.042041,5.438,0.18884,255.2,996.5
2026-09-05T09:36:06,1gbit_50ms,synth,0.001,0.001,0.001004,0.239041,4,PROJECT_ONLY,10,11.6462,501565117,0.00487,0.00527,0,40000,11.697,0.042041,5.438,0.18884,255.2,996.5
2026-09-05T09:36:19,1gbit_50ms,synth,0.1,0.1,0.100352,0.239041,4,PROJECT_ONLY,10,11.7131,501565117,0.08965,0.0908,0,4000000,12.612,0.042041,5.438,0.18884,10.0,10.0
2026-09-05T09:36:33,1gbit_50ms,synth,0.1,0.1,0.100352,0.239041,4,PROJECT_ONLY,10,11.8047,501565117,0.08991,0.09475,0,4000000,12.714,0.042041,5.438,0.18884,10.0,10.0
2026-09-05T09:36:53,1gbit_50ms,synth,1.0,1.0,1.0,0.239041,4,PROJECT_ONLY,10,11.6979,501565117,0.74353,0.8745,0,40000000,19.275,0.042041,5.438,0.18884,1.0,1.0
2026-09-05T09:37:13,1gbit_50ms,synth,1.0,1.0,1.0,0.239041,4,PROJECT_ONLY,10,11.808,501565117,0.76053,0.88011,0,40000000,19.459,0.042041,5.438,0.18884,1.0,1.0
2026-09-05T09:37:26,1gbit_50ms,synth,0.001,0.001,0.001004,0.239041,8,PROJECT_ONLY,10,11.7456,501565117,0.00493,0.0067,0,40000,11.798,0.042041,5.3355,0.18884,inf,996.5
2026-09-05T09:37:39,1gbit_50ms,synth,0.001,0.001,0.001004,0.239041,8,PROJECT_ONLY,10,11.7155,501565117,0.00476,0.00603,0,40000,11.767,0.042041,5.3355,0.18884,inf,996.5
2026-09-05T09:37:52,1gbit_50ms,synth,0.1,0.1,0.100352,0.239041,8,PROJECT_ONLY,10,11.6639,501565117,0.08914,0.09814,0,4000000,12.561,0.042041,5.3355,0.18884,12.2,10.0
2026-09-05T09:38:06,1gbit_50ms,synth,0.1,0.1,0.100352,0.239041,8,PROJECT_ONLY,10,11.7225,501565117,0.09057,0.09366,0,4000000,12.63,0.042041,5.3355,0.18884,12.2,10.0
2026-09-05T09:38:26,1gbit_50ms,synth,1.0,1.0,1.0,0.239041,8,PROJECT_ONLY,10,11.6742,501565117,0.7408,0.89179,0,40000000,19.285,0.042041,5.3355,0.18884,1.0,1.0
2026-09-05T09:38:46,1gbit_50ms,synth,1.0,1.0,1.0,0.239041,8,PROJECT_ONLY,10,11.7978,501565117,0.74958,0.88937,0,40000000,19.415,0.042041,5.3355,0.18884,1.0,1.0
2026-09-05T09:38:51,1gbit_50ms,synth,0.001,0.001,0.001004,0.239041,1,FULL_PUSH,10,0.0,0,0.3863,0.42303,630100,40000,4.003,0.000528,0.0,0.82482,9.5,996.5
2026-09-05T09:38:56,1gbit_50ms,synth,0.001,0.001,0.001004,0.239041,1,FULL_PUSH,10,0.0,0,0.38889,0.42233,630100,40000,4.005,0.000528,0.0,0.82482,9.5,996.5
2026-09-05T09:39:03,1gbit_50ms,synth,0.01,0.01,0.010035,0.239041,1,FULL_PUSH,10,0.0,0,0.58056,0.58652,5341689,400000,5.808,0.004477,0.0,0.87208,8.9,99.6
2026-09-05T09:39:11,1gbit_50ms,synth,0.01,0.01,0.010035,0.239041,1,FULL_PUSH,10,0.0,0,0.5842,0.60414,5341689,400000,5.884,0.004477,0.0,0.87208,8.9,99.6
2026-09-05T09:39:22,1gbit_50ms,synth,0.05,0.05,0.050176,0.239041,1,FULL_PUSH,10,0.0,0,1.06388,1.09895,25100847,2000000,10.655,0.021039,0.0,1.08214,6.8,19.9
2026-09-05T09:39:34,1gbit_50ms,synth,0.05,0.05,0.050176,0.239041,1,FULL_PUSH,10,0.0,0,1.07034,1.10538,25100847,2000000,10.722,0.021039,0.0,1.08214,6.8,19.9
2026-09-05T09:39:52,1gbit_50ms,synth,0.1,0.1,0.100352,0.239041,1,FULL_PUSH,10,0.0,0,1.62538,1.68755,50211180,4000000,16.359,0.042087,0.0,1.34472,5.2,10.0
2026-09-05T09:40:09,1gbit_50ms,synth,0.1,0.1,0.100352,0.239041,1,FULL_PUSH,10,0.0,0,1.62785,1.66795,50211180,4000000,16.296,0.042087,0.0,1.34472,5.2,10.0
2026-09-05T09:40:45,1gbit_50ms,synth,0.25,0.25,0.25088,0.239041,1,FULL_PUSH,10,0.0,0,3.31763,3.33734,125529497,10000000,33.177,0.105218,0.0,2.13244,3.1,4.0
2026-09-05T09:41:21,1gbit_50ms,synth,0.25,0.25,0.25088,0.239041,1,FULL_PUSH,10,0.0,0,3.32527,3.37105,125529497,10000000,33.351,0.105218,0.0,2.13244,3.1,4.0
2026-09-05T09:42:26,1gbit_50ms,synth,0.5,0.5,0.500756,0.239041,1,FULL_PUSH,10,0.0,0,6.14268,6.15855,250824907,20000000,61.365,0.210239,0.0,3.44007,1.9,2.0
2026-09-05T09:43:32,1gbit_50ms,synth,0.5,0.5,0.500756,0.239041,1,FULL_PUSH,10,0.0,0,6.14024,6.16429,250824907,20000000,61.366,0.210239,0.0,3.44007,1.9,2.0
2026-09-05T09:45:37,1gbit_50ms,synth,1.0,1.0,1.0,0.239041,1,FULL_PUSH,10,0.0,0,11.68419,11.73226,501565117,40000000,116.9,0.420407,0.0,6.05265,1.0,1.0
2026-09-05T09:47:42,1gbit_50ms,synth,1.0,1.0,1.0,0.239041,1,FULL_PUSH,10,0.0,0,11.68403,11.76325,501565117,40000000,116.865,0.420407,0.0,6.05265,1.0,1.0
2026-09-05T09:47:47,1gbit_50ms,synth,0.001,0.001,0.001004,0.239041,2,FULL_PUSH,10,0.0,0,0.38327,0.41834,630100,40000,3.92,0.000528,0.0,0.41504,24.9,996.5
2026-09-05T09:47:52,1gbit_50ms,synth,0.001,0.001,0.001004,0.239041,2,FULL_PUSH,10,0.0,0,0.3852,0.4178,630100,40000,3.914,0.000528,0.0,0.41504,24.9,996.5
2026-09-05T09:47:59,1gbit_50ms,synth,0.01,0.01,0.010035,0.239041,2,FULL_PUSH,10,0.0,0,0.57983,0.59729,5341689,400000,5.849,0.004477,0.0,0.4623,20.6,99.6
2026-09-05T09:48:06,1gbit_50ms,synth,0.01,0.01,0.010035,0.239041,2,FULL_PUSH,10,0.0,0,0.58616,0.62188,5341689,400000,5.975,0.004477,0.0,0.4623,20.6,99.6
2026-09-05T09:48:18,1gbit_50ms,synth,0.05,0.05,0.050176,0.239041,2,FULL_PUSH,10,0.0,0,1.083,1.10484,25100847,2000000,10.854,0.021039,0.0,0.67236,11.7,19.9
2026-09-05T09:48:30,1gbit_50ms,synth,0.05,0.05,0.050176,0.239041,2,FULL_PUSH,10,0.0,0,1.0713,1.0853,25100847,2000000,10.685,0.021039,0.0,0.67236,11.7,19.9
2026-09-05T09:48:48,1gbit_50ms,synth,0.1,0.1,0.100352,0.239041,2,FULL_PUSH,10,0.0,0,1.64395,1.67066,50211180,4000000,16.464,0.042087,0.0,0.93493,7.6,10.0
2026-09-05T09:49:06,1gbit_50ms,synth,0.1,0.1,0.100352,0.239041,2,FULL_PUSH,10,0.0,0,1.65491,1.65931,50211180,4000000,16.498,0.042087,0.0,0.93493,7.6,10.0
2026-09-05T09:49:41,1gbit_50ms,synth,0.25,0.25,0.25088,0.239041,2,FULL_PUSH,10,0.0,0,3.32563,3.36779,125529497,10000000,33.299,0.105218,0.0,1.72266,3.7,4.0
2026-09-05T09:50:17,1gbit_50ms,synth,0.25,0.25,0.25088,0.239041,2,FULL_PUSH,10,0.0,0,3.33386,3.36468,125529497,10000000,33.287,0.105218,0.0,1.72266,3.7,4.0
2026-09-05T09:51:22,1gbit_50ms,synth,0.5,0.5,0.500756,0.239041,2,FULL_PUSH,10,0.0,0,6.12577,6.17661,250824907,20000000,61.354,0.210239,0.0,3.03028,2.0,2.0
2026-09-05T09:52:28,1gbit_50ms,synth,0.5,0.5,0.500756,0.239041,2,FULL_PUSH,10,0.0,0,6.14885,6.1863,250824907,20000000,61.521,0.210239,0.0,3.03028,2.0,2.0
2026-09-05T09:54:32,1gbit_50ms,synth,1.0,1.0,1.0,0.239041,2,FULL_PUSH,10,0.0,0,11.69496,11.7554,501565117,40000000,116.977,0.420407,0.0,5.64286,1.0,1.0
2026-09-05T09:56:37,1gbit_50ms,synth,1.0,1.0,1.0,0.239041,2,FULL_PUSH,10,0.0,0,11.7154,11.76953,501565117,40000000,117.112,0.420407,0.0,5.64286,1.0,1.0
2026-09-05T09:56:41,1gbit_50ms,synth,0.001,0.001,0.001004,0.239041,4,FULL_PUSH,10,0.0,0,0.38477,0.41902,630100,40000,3.918,0.000528,0.0,0.21014,255.2,996.5
2026-09-05T09:56:46,1gbit_50ms,synth,0.001,0.001,0.001004,0.239041,4,FULL_PUSH,10,0.0,0,0.38409,0.41925,630100,40000,3.942,0.000528,0.0,0.21014,255.2,996.5
2026-09-05T09:56:54,1gbit_50ms,synth,0.01,0.01,0.010035,0.239041,4,FULL_PUSH,10,0.0,0,0.58397,0.60936,5341689,400000,5.922,0.004477,0.0,0.25741,79.3,99.6
2026-09-05T09:57:01,1gbit_50ms,synth,0.01,0.01,0.010035,0.239041,4,FULL_PUSH,10,0.0,0,0.59057,0.61619,5341689,400000,5.961,0.004477,0.0,0.25741,79.3,99.6
2026-09-05T09:57:13,1gbit_50ms,synth,0.05,0.05,0.050176,0.239041,4,FULL_PUSH,10,0.0,0,1.07091,1.0971,25100847,2000000,10.706,0.021039,0.0,0.46747,19.5,19.9
2026-09-05T09:57:25,1gbit_50ms,synth,0.05,0.05,0.050176,0.239041,4,FULL_PUSH,10,0.0,0,1.05928,1.10427,25100847,2000000,10.592,0.021039,0.0,0.46747,19.5,19.9
2026-09-05T09:57:42,1gbit_50ms,synth,0.1,0.1,0.100352,0.239041,4,FULL_PUSH,10,0.0,0,1.64177,1.70234,50211180,4000000,16.475,0.042087,0.0,0.73004,10.0,10.0
2026-09-05T09:58:00,1gbit_50ms,synth,0.1,0.1,0.100352,0.239041,4,FULL_PUSH,10,0.0,0,1.66197,1.71225,50211180,4000000,16.577,0.042087,0.0,0.73004,10.0,10.0
2026-09-05T09:58:35,1gbit_50ms,synth,0.25,0.25,0.25088,0.239041,4,FULL_PUSH,10,0.0,0,3.31864,3.36402,125529497,10000000,33.24,0.105218,0.0,1.51777,4.1,4.0
2026-09-05T09:59:11,1gbit_50ms,synth,0.25,0.25,0.25088,0.239041,4,FULL_PUSH,10,0.0,0,3.3392,3.38112,125529497,10000000,33.414,0.105218,0.0,1.51777,4.1,4.0
2026-09-05T10:00:16,1gbit_50ms,synth,0.5,0.5,0.500756,0.239041,4,FULL_PUSH,10,0.0,0,6.14074,6.16516,250824907,20000000,61.404,0.210239,0.0,2.82539,2.1,2.0
2026-09-05T10:01:21,1gbit_50ms,synth,0.5,0.5,0.500756,0.239041,4,FULL_PUSH,10,0.0,0,6.16034,6.18289,250824907,20000000,61.588,0.210239,0.0,2.82539,2.1,2.0
2026-09-05T10:03:27,1gbit_50ms,synth,1.0,1.0,1.0,0.239041,4,FULL_PUSH,10,0.0,0,11.70692,11.75668,501565117,40000000,117.115,0.420407,0.0,5.43797,1.0,1.0
2026-09-05T10:05:32,1gbit_50ms,synth,1.0,1.0,1.0,0.239041,4,FULL_PUSH,10,0.0,0,11.72138,11.74114,501565117,40000000,117.207,0.420407,0.0,5.43797,1.0,1.0
2026-09-05T10:05:36,1gbit_50ms,synth,0.001,0.001,0.001004,0.239041,8,FULL_PUSH,10,0.0,0,0.38313,0.38453,630100,40000,3.864,0.000528,0.0,0.1077,inf,996.5
2026-09-05T10:05:41,1gbit_50ms,synth,0.001,0.001,0.001004,0.239041,8,FULL_PUSH,10,0.0,0,0.38392,0.41688,630100,40000,3.9,0.000528,0.0,0.1077,inf,996.5
2026-09-05T10:05:48,1gbit_50ms,synth,0.01,0.01,0.010035,0.239041,8,FULL_PUSH,10,0.0,0,0.59114,0.62069,5341689,400000,5.961,0.004477,0.0,0.15496,inf,99.6
2026-09-05T10:05:55,1gbit_50ms,synth,0.01,0.01,0.010035,0.239041,8,FULL_PUSH,10,0.0,0,0.58035,0.61981,5341689,400000,5.921,0.004477,0.0,0.15496,inf,99.6
2026-09-05T10:06:07,1gbit_50ms,synth,0.05,0.05,0.050176,0.239041,8,FULL_PUSH,10,0.0,0,1.06458,1.08702,25100847,2000000,10.679,0.021039,0.0,0.36502,30.3,19.9
2026-09-05T10:06:18,1gbit_50ms,synth,0.05,0.05,0.050176,0.239041,8,FULL_PUSH,10,0.0,0,1.05749,1.09621,25100847,2000000,10.635,0.021039,0.0,0.36502,30.3,19.9
2026-09-05T10:06:36,1gbit_50ms,synth,0.1,0.1,0.100352,0.239041,8,FULL_PUSH,10,0.0,0,1.62709,1.6818,50211180,4000000,16.389,0.042087,0.0,0.6276,12.2,10.0
2026-09-05T10:06:54,1gbit_50ms,synth,0.1,0.1,0.100352,0.239041,8,FULL_PUSH,10,0.0,0,1.64392,1.66527,50211180,4000000,16.426,0.042087,0.0,0.6276,12.2,10.0
2026-09-05T10:07:30,1gbit_50ms,synth,0.25,0.25,0.25088,0.239041,8,FULL_PUSH,10,0.0,0,3.33842,3.36787,125529497,10000000,33.321,0.105218,0.0,1.41532,4.4,4.0
2026-09-05T10:08:05,1gbit_50ms,synth,0.25,0.25,0.25088,0.239041,8,FULL_PUSH,10,0.0,0,3.33662,3.38672,125529497,10000000,33.423,0.105218,0.0,1.41532,4.4,4.0
2026-09-05T10:09:11,1gbit_50ms,synth,0.5,0.5,0.500756,0.239041,8,FULL_PUSH,10,0.0,0,6.12421,6.15977,250824907,20000000,61.294,0.210239,0.0,2.72294,2.1,2.0
2026-09-05T10:10:16,1gbit_50ms,synth,0.5,0.5,0.500756,0.239041,8,FULL_PUSH,10,0.0,0,6.15359,6.17102,250824907,20000000,61.483,0.210239,0.0,2.72294,2.1,2.0
2026-09-05T10:12:21,1gbit_50ms,synth,1.0,1.0,1.0,0.239041,8,FULL_PUSH,10,0.0,0,11.72418,11.75395,501565117,40000000,117.237,0.420407,0.0,5.33553,1.0,1.0
2026-09-05T10:14:26,1gbit_50ms,synth,1.0,1.0,1.0,0.239041,8,FULL_PUSH,10,0.0,0,11.69517,11.753,501565117,40000000,117.008,0.420407,0.0,5.33553,1.0,1.0
2026-09-05T10:20:10,100mbit_50ms,synth,0.001,0.001,0.001004,0.239041,8,FULL_SHIP,5,168.3853,2008410211,0.00462,0.00471,0,40000,168.41,0.168343,168.3726,0.18193,inf,996.5
2026-09-05T10:22:59,100mbit_50ms,synth,0.1,0.1,0.100352,0.239041,8,FULL_SHIP,5,168.4702,2008410211,0.07948,0.08198,0,4000000,168.88,0.168343,168.3726,0.18193,10.2,10.0
2026-09-05T10:25:53,100mbit_50ms,synth,1.0,1.0,1.0,0.239041,8,FULL_SHIP,5,168.3908,2008410211,0.81533,0.81704,0,40000000,172.493,0.168343,168.3726,0.18193,1.0,1.0
2026-09-05T10:26:38,100mbit_50ms,synth,0.001,0.001,0.001004,0.239041,1,PROJECT_ONLY,5,44.8464,501565117,0.00484,0.00517,0,40000,44.872,0.042041,41.0559,0.18193,61.6,996.5
2026-09-05T10:27:25,100mbit_50ms,synth,0.1,0.1,0.100352,0.239041,1,PROJECT_ONLY,5,44.8015,501565117,0.09104,0.09212,0,4000000,45.26,0.042041,41.0559,0.18193,8.8,10.0
2026-09-05T10:28:15,100mbit_50ms,synth,1.0,1.0,1.0,0.239041,1,PROJECT_ONLY,5,44.811,501565117,0.87484,0.87642,0,40000000,49.168,0.042041,41.0559,0.18193,1.0,1.0
2026-09-05T10:29:00,100mbit_50ms,synth,0.001,0.001,0.001004,0.239041,2,PROJECT_ONLY,5,44.796,501565117,0.00523,0.00617,0,40000,44.824,0.042041,40.652,0.18193,154.9,996.5
2026-09-05T10:29:47,100mbit_50ms,synth,0.1,0.1,0.100352,0.239041,2,PROJECT_ONLY,5,44.8641,501565117,0.09053,0.09242,0,4000000,45.318,0.042041,40.652,0.18193,9.5,10.0
2026-09-05T10:30:37,100mbit_50ms,synth,1.0,1.0,1.0,0.239041,2,PROJECT_ONLY,5,44.7995,501565117,0.88289,0.89525,0,40000000,49.211,0.042041,40.652,0.18193,1.0,1.0
2026-09-05T10:31:22,100mbit_50ms,synth,0.001,0.001,0.001004,0.239041,4,PROJECT_ONLY,5,44.8537,501565117,0.00501,0.00516,0,40000,44.88,0.042041,40.45,0.18193,669.3,996.5
2026-09-05T10:32:09,100mbit_50ms,synth,0.1,0.1,0.100352,0.239041,4,PROJECT_ONLY,5,44.8503,501565117,0.08861,0.08872,0,4000000,45.297,0.042041,40.45,0.18193,10.0,10.0
2026-09-05T10:32:59,100mbit_50ms,synth,1.0,1.0,1.0,0.239041,4,PROJECT_ONLY,5,44.8974,501565117,0.8635,0.86567,0,40000000,49.214,0.042041,40.45,0.18193,1.0,1.0
2026-09-05T10:33:44,100mbit_50ms,synth,0.001,0.001,0.001004,0.239041,8,PROJECT_ONLY,5,44.8061,501565117,0.005,0.00523,0,40000,44.833,0.042041,40.349,0.18193,inf,996.5
2026-09-05T10:34:31,100mbit_50ms,synth,0.1,0.1,0.100352,0.239041,8,PROJECT_ONLY,5,44.8433,501565117,0.08692,0.08853,0,4000000,45.283,0.042041,40.349,0.18193,10.2,10.0
2026-09-05T10:35:21,100mbit_50ms,synth,1.0,1.0,1.0,0.239041,8,PROJECT_ONLY,5,44.81,501565117,0.87777,0.88215,0,40000000,49.206,0.042041,40.349,0.18193,1.0,1.0
2026-09-05T10:35:24,100mbit_50ms,synth,0.001,0.001,0.001004,0.239041,1,FULL_PUSH,5,0.0,0,0.39974,0.39994,630100,40000,2.033,0.000264,0.0,0.8483,61.6,996.5
2026-09-05T10:35:29,100mbit_50ms,synth,0.01,0.01,0.010035,0.239041,1,FULL_PUSH,5,0.0,0,0.84731,0.882,5341689,400000,4.296,0.002239,0.0,1.21181,39.9,99.6
2026-09-05T10:35:43,100mbit_50ms,synth,0.05,0.05,0.050176,0.239041,1,FULL_PUSH,5,0.0,0,2.60673,2.62605,25100847,2000000,13.068,0.01052,0.0,2.8274,15.5,19.9
2026-09-05T10:36:08,100mbit_50ms,synth,0.1,0.1,0.100352,0.239041,1,FULL_PUSH,5,0.0,0,4.82821,4.8418,50211180,4000000,24.198,0.021043,0.0,4.84688,8.8,10.0
2026-09-05T10:37:07,100mbit_50ms,synth,0.25,0.25,0.25088,0.239041,1,FULL_PUSH,5,0.0,0,11.52292,11.54353,125529497,10000000,57.649,0.052609,0.0,10.90534,3.8,4.0
2026-09-05T10:39:03,100mbit_50ms,synth,0.5,0.5,0.500756,0.239041,1,FULL_PUSH,5,0.0,0,22.6414,22.64866,250824907,20000000,113.255,0.10512,0.0,20.96237,2.0,2.0
2026-09-05T10:42:52,100mbit_50ms,synth,1.0,1.0,1.0,0.239041,1,FULL_PUSH,5,0.0,0,44.8289,44.845,501565117,40000000,224.161,0.210204,0.0,41.05594,1.0,1.0
2026-09-05T10:42:56,100mbit_50ms,synth,0.001,0.001,0.001004,0.239041,2,FULL_PUSH,5,0.0,0,0.40149,0.40331,630100,40000,2.036,0.000264,0.0,0.44435,154.9,996.5
2026-09-05T10:43:01,100mbit_50ms,synth,0.01,0.01,0.010035,0.239041,2,FULL_PUSH,5,0.0,0,0.84824,0.85193,5341689,400000,4.241,0.002239,0.0,0.80785,64.9,99.6
2026-09-05T10:43:15,100mbit_50ms,synth,0.05,0.05,0.050176,0.239041,2,FULL_PUSH,5,0.0,0,2.60826,2.62886,25100847,2000000,13.056,0.01052,0.0,2.42344,18.1,19.9
2026-09-05T10:43:41,100mbit_50ms,synth,0.1,0.1,0.100352,0.239041,2,FULL_PUSH,5,0.0,0,4.83571,4.86939,50211180,4000000,24.261,0.021043,0.0,4.44293,9.5,10.0
2026-09-05T10:44:40,100mbit_50ms,synth,0.25,0.25,0.25088,0.239041,2,FULL_PUSH,5,0.0,0,11.55206,11.57157,125529497,10000000,57.762,0.052609,0.0,10.50138,3.9,4.0
2026-09-05T10:46:36,100mbit_50ms,synth,0.5,0.5,0.500756,0.239041,2,FULL_PUSH,5,0.0,0,22.65349,22.66416,250824907,20000000,113.245,0.10512,0.0,20.55842,2.0,2.0
2026-09-05T10:50:25,100mbit_50ms,synth,1.0,1.0,1.0,0.239041,2,FULL_PUSH,5,0.0,0,44.82618,44.84625,501565117,40000000,224.134,0.210204,0.0,40.65198,1.0,1.0
2026-09-05T10:50:28,100mbit_50ms,synth,0.001,0.001,0.001004,0.239041,4,FULL_PUSH,5,0.0,0,0.39781,0.39791,630100,40000,1.992,0.000264,0.0,0.24237,669.3,996.5
2026-09-05T10:50:33,100mbit_50ms,synth,0.01,0.01,0.010035,0.239041,4,FULL_PUSH,5,0.0,0,0.84219,0.84711,5341689,400000,4.235,0.002239,0.0,0.60588,95.4,99.6
2026-09-05T10:50:47,100mbit_50ms,synth,0.05,0.05,0.050176,0.239041,4,FULL_PUSH,5,0.0,0,2.62978,2.63542,25100847,2000000,13.149,0.01052,0.0,2.22146,19.8,19.9
2026-09-05T10:51:13,100mbit_50ms,synth,0.1,0.1,0.100352,0.239041,4,FULL_PUSH,5,0.0,0,4.84951,4.86177,50211180,4000000,24.257,0.021043,0.0,4.24095,10.0,10.0
2026-09-05T10:52:12,100mbit_50ms,synth,0.25,0.25,0.25088,0.239041,4,FULL_PUSH,5,0.0,0,11.55253,11.55473,125529497,10000000,57.736,0.052609,0.0,10.2994,4.0,4.0
2026-09-05T10:54:09,100mbit_50ms,synth,0.5,0.5,0.500756,0.239041,4,FULL_PUSH,5,0.0,0,22.66708,22.67005,250824907,20000000,113.289,0.10512,0.0,20.35644,2.0,2.0
2026-09-05T10:57:58,100mbit_50ms,synth,1.0,1.0,1.0,0.239041,4,FULL_PUSH,5,0.0,0,44.87912,44.89376,501565117,40000000,224.364,0.210204,0.0,40.45,1.0,1.0
2026-09-05T10:58:01,100mbit_50ms,synth,0.001,0.001,0.001004,0.239041,8,FULL_PUSH,5,0.0,0,0.40185,0.40199,630100,40000,2.037,0.000264,0.0,0.14138,inf,996.5
2026-09-05T10:58:06,100mbit_50ms,synth,0.01,0.01,0.010035,0.239041,8,FULL_PUSH,5,0.0,0,0.83954,0.86056,5341689,400000,4.243,0.002239,0.0,0.50489,124.9,99.6
2026-09-05T10:58:20,100mbit_50ms,synth,0.05,0.05,0.050176,0.239041,8,FULL_PUSH,5,0.0,0,2.59292,2.62121,25100847,2000000,13.032,0.01052,0.0,2.12047,20.8,19.9
2026-09-05T10:58:45,100mbit_50ms,synth,0.1,0.1,0.100352,0.239041,8,FULL_PUSH,5,0.0,0,4.83162,4.84181,50211180,4000000,24.175,0.021043,0.0,4.13996,10.2,10.0
2026-09-05T10:59:45,100mbit_50ms,synth,0.25,0.25,0.25088,0.239041,8,FULL_PUSH,5,0.0,0,11.58729,11.59503,125529497,10000000,57.887,0.052609,0.0,10.19841,4.0,4.0
2026-09-05T11:01:41,100mbit_50ms,synth,0.5,0.5,0.500756,0.239041,8,FULL_PUSH,5,0.0,0,22.65741,22.68461,250824907,20000000,113.298,0.10512,0.0,20.25545,2.0,2.0
2026-09-05T11:05:31,100mbit_50ms,synth,1.0,1.0,1.0,0.239041,8,FULL_PUSH,5,0.0,0,44.84331,44.85774,501565117,40000000,224.227,0.210204,0.0,40.34902,1.0,1.0
2026-09-05T11:07:41,1gbit_150ms,synth,0.001,0.001,0.001004,0.239041,8,FULL_SHIP,10,60.7697,2008410211,0.00436,0.00466,0,40000,60.816,0.168343,60.7184,0.18169,inf,996.5
2026-09-05T11:08:45,1gbit_150ms,synth,0.1,0.1,0.100352,0.239041,8,FULL_SHIP,10,60.9509,2008410211,0.08098,0.08304,0,4000000,61.775,0.168343,60.7184,0.18169,10.6,10.0
2026-09-05T11:09:55,1gbit_150ms,synth,1.0,1.0,1.0,0.239041,8,FULL_SHIP,10,60.8271,2008410211,0.82563,0.84223,0,40000000,69.079,0.168343,60.7184,0.18169,1.0,1.0
2026-09-05T11:10:26,1gbit_150ms,synth,0.001,0.001,0.001004,0.239041,1,PROJECT_ONLY,10,28.7659,501565117,0.00498,0.00555,0,40000,28.819,0.042041,15.3294,0.18169,23.7,996.5
2026-09-05T11:10:57,1gbit_150ms,synth,0.1,0.1,0.100352,0.239041,1,PROJECT_ONLY,10,28.8753,501565117,0.08903,0.09036,0,4000000,29.77,0.042041,15.3294,0.18169,7.3,10.0
2026-09-05T11:11:36,1gbit_150ms,synth,1.0,1.0,1.0,0.239041,1,PROJECT_ONLY,10,28.8844,501565117,0.8664,0.89091,0,40000000,37.622,0.042041,15.3294,0.18169,1.0,1.0
2026-09-05T11:12:07,1gbit_150ms,synth,0.001,0.001,0.001004,0.239041,2,PROJECT_ONLY,10,28.8933,501565117,0.00488,0.00572,0,40000,28.944,0.042041,14.9218,0.18169,62.1,996.5
2026-09-05T11:12:38,1gbit_150ms,synth,0.1,0.1,0.100352,0.239041,2,PROJECT_ONLY,10,29.0347,501565117,0.08763,0.09096,0,4000000,29.891,0.042041,14.9218,0.18169,8.9,10.0
2026-09-05T11:13:16,1gbit_150ms,synth,1.0,1.0,1.0,0.239041,2,PROJECT_ONLY,10,28.7835,501565117,0.75629,0.87289,0,40000000,36.392,0.042041,14.9218,0.18169,1.0,1.0
2026-09-05T11:13:47,1gbit_150ms,synth,0.001,0.001,0.001004,0.239041,4,PROJECT_ONLY,10,28.844,501565117,0.00475,0.00623,0,40000,28.896,0.042041,14.718,0.18169,401.3,996.5
2026-09-05T11:14:18,1gbit_150ms,synth,0.1,0.1,0.100352,0.239041,4,PROJECT_ONLY,10,28.8901,501565117,0.08932,0.0905,0,4000000,29.781,0.042041,14.718,0.18169,10.0,10.0
2026-09-05T11:14:56,1gbit_150ms,synth,1.0,1.0,1.0,0.239041,4,PROJECT_ONLY,10,28.7444,501565117,0.7575,0.87973,0,40000000,36.316,0.042041,14.718,0.18169,1.0,1.0
2026-09-05T11:15:26,1gbit_150ms,synth,0.001,0.001,0.001004,0.239041,8,PROJECT_ONLY,10,28.7979,501565117,0.00466,0.00526,0,40000,28.847,0.042041,14.6161,0.18169,inf,996.5
2026-09-05T11:15:58,1gbit_150ms,synth,0.1,0.1,0.100352,0.239041,8,PROJECT_ONLY,10,28.929,501565117,0.08835,0.08943,0,4000000,29.811,0.042041,14.6161,0.18169,10.6,10.0
2026-09-05T11:16:36,1gbit_150ms,synth,1.0,1.0,1.0,0.239041,8,PROJECT_ONLY,10,29.0062,501565117,0.75099,0.87591,0,40000000,36.586,0.042041,14.6161,0.18169,1.0,1.0
2026-09-05T11:16:48,1gbit_150ms,synth,0.001,0.001,0.001004,0.239041,1,FULL_PUSH,10,0.0,0,1.08598,1.12712,630100,40000,10.977,0.000528,0.0,0.82976,23.7,996.5
2026-09-05T11:17:06,1gbit_150ms,synth,0.01,0.01,0.010035,0.239041,1,FULL_PUSH,10,0.0,0,1.58547,1.62223,5341689,400000,15.931,0.004477,0.0,0.96085,19.7,99.6
2026-09-05T11:17:36,1gbit_150ms,synth,0.05,0.05,0.050176,0.239041,1,FULL_PUSH,10,0.0,0,2.77435,2.8058,25100847,2000000,27.878,0.021039,0.0,1.54346,11.3,19.9
2026-09-05T11:18:19,1gbit_150ms,synth,0.1,0.1,0.100352,0.239041,1,FULL_PUSH,10,0.0,0,4.13445,4.1648,50211180,4000000,41.441,0.042087,0.0,2.27173,7.3,10.0
2026-09-05T11:19:45,1gbit_150ms,synth,0.25,0.25,0.25088,0.239041,1,FULL_PUSH,10,0.0,0,8.27864,8.35184,125529497,10000000,82.798,0.105218,0.0,4.45652,3.6,4.0
2026-09-05T11:22:21,1gbit_150ms,synth,0.5,0.5,0.500756,0.239041,1,FULL_PUSH,10,0.0,0,15.11154,15.14818,250824907,20000000,151.3,0.210239,0.0,8.08329,1.9,2.0
2026-09-05T11:27:25,1gbit_150ms,synth,1.0,1.0,1.0,0.239041,1,FULL_PUSH,10,0.0,0,28.87261,29.08562,501565117,40000000,288.902,0.420407,0.0,15.32941,1.0,1.0
2026-09-05T11:27:37,1gbit_150ms,synth,0.001,0.001,0.001004,0.239041,2,FULL_PUSH,10,0.0,0,1.0841,1.08787,630100,40000,10.841,0.000528,0.0,0.42216,62.1,996.5
2026-09-05T11:27:55,1gbit_150ms,synth,0.01,0.01,0.010035,0.239041,2,FULL_PUSH,10,0.0,0,1.58231,1.58602,5341689,400000,15.859,0.004477,0.0,0.55325,40.2,99.6
2026-09-05T11:28:24,1gbit_150ms,synth,0.05,0.05,0.050176,0.239041,2,FULL_PUSH,10,0.0,0,2.77163,2.80375,25100847,2000000,27.783,0.021039,0.0,1.13586,15.6,19.9
2026-09-05T11:29:07,1gbit_150ms,synth,0.1,0.1,0.100352,0.239041,2,FULL_PUSH,10,0.0,0,4.11906,4.15117,50211180,4000000,40.988,0.042087,0.0,1.86413,8.9,10.0
2026-09-05T11:30:33,1gbit_150ms,synth,0.25,0.25,0.25088,0.239041,2,FULL_PUSH,10,0.0,0,8.33244,8.33913,125529497,10000000,83.073,0.105218,0.0,4.04893,3.9,4.0
2026-09-05T11:33:09,1gbit_150ms,synth,0.5,0.5,0.500756,0.239041,2,FULL_PUSH,10,0.0,0,15.13524,15.16852,250824907,20000000,151.309,0.210239,0.0,7.67569,2.0,2.0
2026-09-05T11:38:08,1gbit_150ms,synth,1.0,1.0,1.0,0.239041,2,FULL_PUSH,10,0.0,0,28.84748,28.9601,501565117,40000000,288.583,0.420407,0.0,14.92181,1.0,1.0
2026-09-05T11:38:20,1gbit_150ms,synth,0.001,0.001,0.001004,0.239041,4,FULL_PUSH,10,0.0,0,1.0846,1.08648,630100,40000,10.848,0.000528,0.0,0.21836,401.3,996.5
2026-09-05T11:38:38,1gbit_150ms,synth,0.01,0.01,0.010035,0.239041,4,FULL_PUSH,10,0.0,0,1.58062,1.58773,5341689,400000,15.859,0.004477,0.0,0.34945,87.7,99.6
2026-09-05T11:39:07,1gbit_150ms,synth,0.05,0.05,0.050176,0.239041,4,FULL_PUSH,10,0.0,0,2.76657,2.79727,25100847,2000000,27.64,0.021039,0.0,0.93206,19.6,19.9
2026-09-05T11:39:50,1gbit_150ms,synth,0.1,0.1,0.100352,0.239041,4,FULL_PUSH,10,0.0,0,4.12134,4.13816,50211180,4000000,41.109,0.042087,0.0,1.66033,10.0,10.0
2026-09-05T11:41:16,1gbit_150ms,synth,0.25,0.25,0.25088,0.239041,4,FULL_PUSH,10,0.0,0,8.31753,8.36828,125529497,10000000,83.067,0.105218,0.0,3.84513,4.0,4.0
2026-09-05T11:43:53,1gbit_150ms,synth,0.5,0.5,0.500756,0.239041,4,FULL_PUSH,10,0.0,0,15.13513,15.20785,250824907,20000000,151.403,0.210239,0.0,7.47189,2.0,2.0
2026-09-05T11:48:50,1gbit_150ms,synth,1.0,1.0,1.0,0.239041,4,FULL_PUSH,10,0.0,0,28.80912,28.94307,501565117,40000000,288.106,0.420407,0.0,14.71801,1.0,1.0
2026-09-05T11:49:03,1gbit_150ms,synth,0.001,0.001,0.001004,0.239041,8,FULL_PUSH,10,0.0,0,1.08661,1.12169,630100,40000,10.994,0.000528,0.0,0.11647,inf,996.5
2026-09-05T11:49:21,1gbit_150ms,synth,0.01,0.01,0.010035,0.239041,8,FULL_PUSH,10,0.0,0,1.58163,1.58876,5341689,400000,15.85,0.004477,0.0,0.24755,221.9,99.6
2026-09-05T11:49:50,1gbit_150ms,synth,0.05,0.05,0.050176,0.239041,8,FULL_PUSH,10,0.0,0,2.76482,2.79836,25100847,2000000,27.567,0.021039,0.0,0.83017,22.5,19.9
2026-09-05T11:50:33,1gbit_150ms,synth,0.1,0.1,0.100352,0.239041,8,FULL_PUSH,10,0.0,0,4.14405,4.25766,50211180,4000000,41.608,0.042087,0.0,1.55843,10.6,10.0
2026-09-05T11:52:00,1gbit_150ms,synth,0.25,0.25,0.25088,0.239041,8,FULL_PUSH,10,0.0,0,8.33717,8.36215,125529497,10000000,83.171,0.105218,0.0,3.74323,4.1,4.0
2026-09-05T11:54:36,1gbit_150ms,synth,0.5,0.5,0.500756,0.239041,8,FULL_PUSH,10,0.0,0,15.15047,15.24368,250824907,20000000,151.534,0.210239,0.0,7.36999,2.0,2.0
2026-09-05T11:59:33,1gbit_150ms,synth,1.0,1.0,1.0,0.239041,8,FULL_PUSH,10,0.0,0,28.87392,28.93282,501565117,40000000,288.453,0.420407,0.0,14.61611,1.0,1.0
2026-09-05T12:00:51,500mbit_50ms,synth,0.001,0.001,0.001004,0.239041,8,FULL_SHIP,8,35.5953,2008410211,0.00457,0.0049,0,40000,35.634,0.168343,34.5928,0.18838,inf,996.5
2026-09-05T12:01:27,500mbit_50ms,synth,0.1,0.1,0.100352,0.239041,8,FULL_SHIP,8,34.3428,2008410211,0.08141,0.08508,0,4000000,35.007,0.168343,34.5928,0.18838,11.3,10.0
2026-09-05T12:02:09,500mbit_50ms,synth,1.0,1.0,1.0,0.239041,8,FULL_SHIP,8,34.312,2008410211,0.82062,0.84582,0,40000000,40.927,0.168343,34.5928,0.18838,1.0,1.0
2026-09-05T12:02:22,500mbit_50ms,synth,0.001,0.001,0.001004,0.239041,1,PROJECT_ONLY,8,12.2155,501565117,0.00482,0.00521,0,40000,12.256,0.042041,9.0817,0.18838,14.4,996.5
2026-09-05T12:02:36,500mbit_50ms,synth,0.1,0.1,0.100352,0.239041,1,PROJECT_ONLY,8,12.2067,501565117,0.08892,0.09293,0,4000000,12.924,0.042041,9.0817,0.18838,6.2,10.0
2026-09-05T12:02:55,500mbit_50ms,synth,1.0,1.0,1.0,0.239041,1,PROJECT_ONLY,8,12.1877,501565117,0.84699,0.87775,0,40000000,18.447,0.042041,9.0817,0.18838,1.0,1.0
2026-09-05T12:03:08,500mbit_50ms,synth,0.001,0.001,0.001004,0.239041,2,PROJECT_ONLY,8,12.2205,501565117,0.0048,0.00508,0,40000,12.261,0.042041,8.6754,0.18838,38.4,996.5
2026-09-05T12:03:22,500mbit_50ms,synth,0.1,0.1,0.100352,0.239041,2,PROJECT_ONLY,8,12.2476,501565117,0.09064,0.09428,0,4000000,12.977,0.042041,8.6754,0.18838,8.3,10.0
2026-09-05T12:03:41,500mbit_50ms,synth,1.0,1.0,1.0,0.239041,2,PROJECT_ONLY,8,12.163,501565117,0.85657,0.90974,0,40000000,18.535,0.042041,8.6754,0.18838,1.0,1.0
2026-09-05T12:03:54,500mbit_50ms,synth,0.001,0.001,0.001004,0.239041,4,PROJECT_ONLY,8,12.1899,501565117,0.00511,0.00554,0,40000,12.233,0.042041,8.4722,0.18838,367.3,996.5
2026-09-05T12:04:08,500mbit_50ms,synth,0.1,0.1,0.100352,0.239041,4,PROJECT_ONLY,8,12.2167,501565117,0.08935,0.09156,0,4000000,12.937,0.042041,8.4722,0.18838,10.0,10.0
2026-09-05T12:04:28,500mbit_50ms,synth,1.0,1.0,1.0,0.239041,4,PROJECT_ONLY,8,12.2163,501565117,0.85442,0.86375,0,40000000,18.501,0.042041,8.4722,0.18838,1.0,1.0
2026-09-05T12:04:41,500mbit_50ms,synth,0.001,0.001,0.001004,0.239041,8,PROJECT_ONLY,8,12.1772,501565117,0.00556,0.00703,0,40000,12.225,0.042041,8.3707,0.18838,inf,996.5
2026-09-05T12:04:54,500mbit_50ms,synth,0.1,0.1,0.100352,0.239041,8,PROJECT_ONLY,8,12.21,501565117,0.08768,0.08961,0,4000000,12.91,0.042041,8.3707,0.18838,11.3,10.0
2026-09-05T12:05:14,500mbit_50ms,synth,1.0,1.0,1.0,0.239041,8,PROJECT_ONLY,8,12.2538,501565117,0.85124,0.86371,0,40000000,18.553,0.042041,8.3707,0.18838,1.0,1.0
2026-09-05T12:05:18,500mbit_50ms,synth,0.001,0.001,0.001004,0.239041,1,FULL_PUSH,8,0.0,0,0.38758,0.42764,630100,40000,3.176,0.000423,0.0,0.82088,14.4,996.5
2026-09-05T12:05:24,500mbit_50ms,synth,0.01,0.01,0.010035,0.239041,1,FULL_PUSH,8,0.0,0,0.59376,0.63466,5341689,400000,4.863,0.003582,0.0,0.89556,12.8,99.6
2026-09-05T12:05:34,500mbit_50ms,synth,0.05,0.05,0.050176,0.239041,1,FULL_PUSH,8,0.0,0,1.08993,1.11786,25100847,2000000,8.755,0.016831,0.0,1.22749,8.7,19.9
2026-09-05T12:05:50,500mbit_50ms,synth,0.1,0.1,0.100352,0.239041,1,FULL_PUSH,8,0.0,0,1.73287,1.75727,50211180,4000000,13.743,0.033669,0.0,1.6424,6.2,10.0
2026-09-05T12:06:20,500mbit_50ms,synth,0.25,0.25,0.25088,0.239041,1,FULL_PUSH,8,0.0,0,3.45705,3.48981,125529497,10000000,27.692,0.084174,0.0,2.88713,3.4,4.0
2026-09-05T12:07:15,500mbit_50ms,synth,0.5,0.5,0.500756,0.239041,1,FULL_PUSH,8,0.0,0,6.3982,6.43037,250824907,20000000,51.221,0.168191,0.0,4.95339,1.9,2.0
2026-09-05T12:09:00,500mbit_50ms,synth,1.0,1.0,1.0,0.239041,1,FULL_PUSH,8,0.0,0,12.21913,12.26743,501565117,40000000,97.806,0.336326,0.0,9.08168,1.0,1.0
2026-09-05T12:09:05,500mbit_50ms,synth,0.001,0.001,0.001004,0.239041,2,FULL_PUSH,8,0.0,0,0.38539,0.42091,630100,40000,3.159,0.000423,0.0,0.41459,38.4,996.5
2026-09-05T12:09:10,500mbit_50ms,synth,0.01,0.01,0.010035,0.239041,2,FULL_PUSH,8,0.0,0,0.59724,0.60286,5341689,400000,4.793,0.003582,0.0,0.48927,28.8,99.6
2026-09-05T12:09:20,500mbit_50ms,synth,0.05,0.05,0.050176,0.239041,2,FULL_PUSH,8,0.0,0,1.09569,1.1152,25100847,2000000,8.771,0.016831,0.0,0.8212,13.7,19.9
2026-09-05T12:09:36,500mbit_50ms,synth,0.1,0.1,0.100352,0.239041,2,FULL_PUSH,8,0.0,0,1.69071,1.71952,50211180,4000000,13.611,0.033669,0.0,1.23611,8.3,10.0
2026-09-05T12:10:06,500mbit_50ms,synth,0.25,0.25,0.25088,0.239041,2,FULL_PUSH,8,0.0,0,3.49435,3.50488,125529497,10000000,27.885,0.084174,0.0,2.48084,3.8,4.0
2026-09-05T12:11:02,500mbit_50ms,synth,0.5,0.5,0.500756,0.239041,2,FULL_PUSH,8,0.0,0,6.40709,6.41466,250824907,20000000,51.285,0.168191,0.0,4.5471,2.0,2.0
2026-09-05T12:12:47,500mbit_50ms,synth,1.0,1.0,1.0,0.239041,2,FULL_PUSH,8,0.0,0,12.21065,12.22579,501565117,40000000,97.676,0.336326,0.0,8.67539,1.0,1.0
2026-09-05T12:12:51,500mbit_50ms,synth,0.001,0.001,0.001004,0.239041,4,FULL_PUSH,8,0.0,0,0.38553,0.42082,630100,40000,3.184,0.000423,0.0,0.21144,367.3,996.5
2026-09-05T12:12:57,500mbit_50ms,synth,0.01,0.01,0.010035,0.239041,4,FULL_PUSH,8,0.0,0,0.5916,0.61068,5341689,400000,4.781,0.003582,0.0,0.28613,86.7,99.6
2026-09-05T12:13:06,500mbit_50ms,synth,0.05,0.05,0.050176,0.239041,4,FULL_PUSH,8,0.0,0,1.10319,1.1258,25100847,2000000,8.856,0.016831,0.0,0.61806,19.7,19.9
2026-09-05T12:13:21,500mbit_50ms,synth,0.1,0.1,0.100352,0.239041,4,FULL_PUSH,8,0.0,0,1.70424,1.73461,50211180,4000000,13.605,0.033669,0.0,1.03297,10.0,10.0
2026-09-05T12:13:51,500mbit_50ms,synth,0.25,0.25,0.25088,0.239041,4,FULL_PUSH,8,0.0,0,3.46552,3.48113,125529497,10000000,27.76,0.084174,0.0,2.2777,4.1,4.0
2026-09-05T12:14:47,500mbit_50ms,synth,0.5,0.5,0.500756,0.239041,4,FULL_PUSH,8,0.0,0,6.39988,6.41975,250824907,20000000,51.209,0.168191,0.0,4.34395,2.0,2.0
2026-09-05T12:16:32,500mbit_50ms,synth,1.0,1.0,1.0,0.239041,4,FULL_PUSH,8,0.0,0,12.23107,12.27633,501565117,40000000,97.901,0.336326,0.0,8.47225,1.0,1.0
2026-09-05T12:16:37,500mbit_50ms,synth,0.001,0.001,0.001004,0.239041,8,FULL_PUSH,8,0.0,0,0.38553,0.42227,630100,40000,3.161,0.000423,0.0,0.10987,inf,996.5
2026-09-05T12:16:43,500mbit_50ms,synth,0.01,0.01,0.010035,0.239041,8,FULL_PUSH,8,0.0,0,0.6011,0.61957,5341689,400000,4.836,0.003582,0.0,0.18455,inf,99.6
2026-09-05T12:16:53,500mbit_50ms,synth,0.05,0.05,0.050176,0.239041,8,FULL_PUSH,8,0.0,0,1.08647,1.09821,25100847,2000000,8.673,0.016831,0.0,0.51648,25.5,19.9
2026-09-05T12:17:07,500mbit_50ms,synth,0.1,0.1,0.100352,0.239041,8,FULL_PUSH,8,0.0,0,1.70116,1.72289,50211180,4000000,13.628,0.033669,0.0,0.93139,11.3,10.0
2026-09-05T12:17:37,500mbit_50ms,synth,0.25,0.25,0.25088,0.239041,8,FULL_PUSH,8,0.0,0,3.47005,3.50542,125529497,10000000,27.802,0.084174,0.0,2.17612,4.2,4.0
2026-09-05T12:18:33,500mbit_50ms,synth,0.5,0.5,0.500756,0.239041,8,FULL_PUSH,8,0.0,0,6.41598,6.42902,250824907,20000000,51.299,0.168191,0.0,4.24238,2.1,2.0
2026-09-05T12:20:18,500mbit_50ms,synth,1.0,1.0,1.0,0.239041,8,FULL_PUSH,8,0.0,0,12.2388,12.2754,501565117,40000000,97.925,0.336326,0.0,8.37067,1.0,1.0
2026-09-05T12:20:58,1gbit_10ms,synth,0.001,0.001,0.001004,0.239041,8,FULL_SHIP,10,16.9595,2008410211,0.00453,0.00462,0,40000,17.006,0.168343,16.9461,0.17897,inf,996.5
2026-09-05T12:21:16,1gbit_10ms,synth,0.1,0.1,0.100352,0.239041,8,FULL_SHIP,10,16.9762,2008410211,0.07987,0.08122,0,4000000,17.779,0.168343,16.9461,0.17897,12.6,10.0
2026-09-05T12:21:42,1gbit_10ms,synth,1.0,1.0,1.0,0.239041,8,FULL_SHIP,10,16.9498,2008410211,0.84262,0.85402,0,40000000,25.337,0.168343,16.9461,0.17897,1.0,1.0
2026-09-05T12:21:50,1gbit_10ms,synth,0.001,0.001,0.001004,0.239041,1,PROJECT_ONLY,10,6.8031,501565117,0.00497,0.00614,0,40000,6.857,0.042041,4.8736,0.17897,7.5,996.5
2026-09-05T12:21:58,1gbit_10ms,synth,0.1,0.1,0.100352,0.239041,1,PROJECT_ONLY,10,6.7818,501565117,0.09269,0.09582,0,4000000,7.717,0.042041,4.8736,0.17897,4.6,10.0
2026-09-05T12:22:13,1gbit_10ms,synth,1.0,1.0,1.0,0.239041,1,PROJECT_ONLY,10,6.8512,501565117,0.7762,0.87911,0,40000000,14.602,0.042041,4.8736,0.17897,1.0,1.0
2026-09-05T12:22:21,1gbit_10ms,synth,0.001,0.001,0.001004,0.239041,2,PROJECT_ONLY,10,6.8599,501565117,0.00506,0.00584,0,40000,6.913,0.042041,4.4622,0.17897,18.9,996.5
2026-09-05T12:22:29,1gbit_10ms,synth,0.1,0.1,0.100352,0.239041,2,PROJECT_ONLY,10,6.8886,501565117,0.09132,0.09281,0,4000000,7.805,0.042041,4.4622,0.17897,7.0,10.0
2026-09-05T12:22:44,1gbit_10ms,synth,1.0,1.0,1.0,0.239041,2,PROJECT_ONLY,10,6.8278,501565117,0.76272,0.88684,0,40000000,14.527,0.042041,4.4622,0.17897,1.0,1.0
2026-09-05T12:22:52,1gbit_10ms,synth,0.001,0.001,0.001004,0.239041,4,PROJECT_ONLY,10,6.8239,501565117,0.00486,0.00632,0,40000,6.877,0.042041,4.2565,0.17897,138.3,996.5
2026-09-05T12:23:00,1gbit_10ms,synth,0.1,0.1,0.100352,0.239041,4,PROJECT_ONLY,10,6.8288,501565117,0.09122,0.09377,0,4000000,7.744,0.042041,4.2565,0.17897,9.8,10.0
2026-09-05T12:23:15,1gbit_10ms,synth,1.0,1.0,1.0,0.239041,4,PROJECT_ONLY,10,6.8474,501565117,0.75593,0.87733,0,40000000,14.492,0.042041,4.2565,0.17897,1.0,1.0
2026-09-05T12:23:23,1gbit_10ms,synth,0.001,0.001,0.001004,0.239041,8,PROJECT_ONLY,10,6.8242,501565117,0.00483,0.00716,0,40000,6.879,0.042041,4.1537,0.17897,inf,996.5
2026-09-05T12:23:31,1gbit_10ms,synth,0.1,0.1,0.100352,0.239041,8,PROJECT_ONLY,10,6.8067,501565117,0.09,0.09117,0,4000000,7.701,0.042041,4.1537,0.17897,12.6,10.0
2026-09-05T12:23:46,1gbit_10ms,synth,1.0,1.0,1.0,0.239041,8,PROJECT_ONLY,10,6.8671,501565117,0.7646,0.88966,0,40000000,14.65,0.042041,4.1537,0.17897,1.0,1.0
2026-09-05T12:23:48,1gbit_10ms,synth,0.001,0.001,0.001004,0.239041,1,FULL_PUSH,10,0.0,0,0.10448,0.13898,630100,40000,1.167,0.000528,0.0,0.82684,7.5,996.5
2026-09-05T12:23:51,1gbit_10ms,synth,0.01,0.01,0.010035,0.239041,1,FULL_PUSH,10,0.0,0,0.19079,0.22539,5341689,400000,1.978,0.004477,0.0,0.86343,7.1,99.6
2026-09-05T12:23:56,1gbit_10ms,synth,0.05,0.05,0.050176,0.239041,1,FULL_PUSH,10,0.0,0,0.45946,0.46231,25100847,2000000,4.607,0.021039,0.0,1.02603,5.8,19.9
2026-09-05T12:24:06,1gbit_10ms,synth,0.1,0.1,0.100352,0.239041,1,FULL_PUSH,10,0.0,0,0.80621,0.82907,50211180,4000000,8.097,0.042087,0.0,1.22928,4.6,10.0
2026-09-05T12:24:27,1gbit_10ms,synth,0.25,0.25,0.25088,0.239041,1,FULL_PUSH,10,0.0,0,1.81913,1.85318,125529497,10000000,18.305,0.105218,0.0,1.83904,2.9,4.0
2026-09-05T12:25:06,1gbit_10ms,synth,0.5,0.5,0.500756,0.239041,1,FULL_PUSH,10,0.0,0,3.49555,3.50502,250824907,20000000,34.994,0.210239,0.0,2.85125,1.8,2.0
2026-09-05T12:26:24,1gbit_10ms,synth,1.0,1.0,1.0,0.239041,1,FULL_PUSH,10,0.0,0,6.8088,6.82443,501565117,40000000,68.067,0.420407,0.0,4.87359,1.0,1.0
2026-09-05T12:26:26,1gbit_10ms,synth,0.001,0.001,0.001004,0.239041,2,FULL_PUSH,10,0.0,0,0.13711,0.1405,630100,40000,1.238,0.000528,0.0,0.41545,18.9,996.5
2026-09-05T12:26:28,1gbit_10ms,synth,0.01,0.01,0.010035,0.239041,2,FULL_PUSH,10,0.0,0,0.18445,0.22317,5341689,400000,1.95,0.004477,0.0,0.45204,16.3,99.6
2026-09-05T12:26:35,1gbit_10ms,synth,0.05,0.05,0.050176,0.239041,2,FULL_PUSH,10,0.0,0,0.45548,0.47538,25100847,2000000,4.579,0.021039,0.0,0.61464,10.2,19.9
2026-09-05T12:26:44,1gbit_10ms,synth,0.1,0.1,0.100352,0.239041,2,FULL_PUSH,10,0.0,0,0.80673,0.83488,50211180,4000000,8.092,0.042087,0.0,0.8179,7.0,10.0
2026-09-05T12:27:05,1gbit_10ms,synth,0.25,0.25,0.25088,0.239041,2,FULL_PUSH,10,0.0,0,1.82358,1.84013,125529497,10000000,18.236,0.105218,0.0,1.42766,3.6,4.0
2026-09-05T12:27:44,1gbit_10ms,synth,0.5,0.5,0.500756,0.239041,2,FULL_PUSH,10,0.0,0,3.50857,3.53164,250824907,20000000,35.112,0.210239,0.0,2.43986,2.0,2.0
2026-09-05T12:29:02,1gbit_10ms,synth,1.0,1.0,1.0,0.239041,2,FULL_PUSH,10,0.0,0,6.82707,6.84557,501565117,40000000,68.256,0.420407,0.0,4.46221,1.0,1.0
2026-09-05T12:29:04,1gbit_10ms,synth,0.001,0.001,0.001004,0.239041,4,FULL_PUSH,10,0.0,0,0.10392,0.13753,630100,40000,1.157,0.000528,0.0,0.20976,138.3,996.5
2026-09-05T12:29:07,1gbit_10ms,synth,0.01,0.01,0.010035,0.239041,4,FULL_PUSH,10,0.0,0,0.20718,0.22016,5341689,400000,2.028,0.004477,0.0,0.24634,63.2,99.6
2026-09-05T12:29:12,1gbit_10ms,synth,0.05,0.05,0.050176,0.239041,4,FULL_PUSH,10,0.0,0,0.45247,0.45934,25100847,2000000,4.519,0.021039,0.0,0.40895,18.5,19.9
2026-09-05T12:29:22,1gbit_10ms,synth,0.1,0.1,0.100352,0.239041,4,FULL_PUSH,10,0.0,0,0.82422,0.8385,50211180,4000000,8.227,0.042087,0.0,0.6122,9.8,10.0
2026-09-05T12:29:44,1gbit_10ms,synth,0.25,0.25,0.25088,0.239041,4,FULL_PUSH,10,0.0,0,1.82318,1.85444,125529497,10000000,18.3,0.105218,0.0,1.22196,4.1,4.0
2026-09-05T12:30:23,1gbit_10ms,synth,0.5,0.5,0.500756,0.239041,4,FULL_PUSH,10,0.0,0,3.51615,3.54204,250824907,20000000,35.169,0.210239,0.0,2.23417,2.1,2.0
2026-09-05T12:31:40,1gbit_10ms,synth,1.0,1.0,1.0,0.239041,4,FULL_PUSH,10,0.0,0,6.85079,6.87453,501565117,40000000,68.498,0.420407,0.0,4.25651,1.0,1.0
2026-09-05T12:31:42,1gbit_10ms,synth,0.001,0.001,0.001004,0.239041,8,FULL_PUSH,10,0.0,0,0.12965,0.13822,630100,40000,1.223,0.000528,0.0,0.10691,inf,996.5
2026-09-05T12:31:45,1gbit_10ms,synth,0.01,0.01,0.010035,0.239041,8,FULL_PUSH,10,0.0,0,0.20451,0.21903,5341689,400000,2.016,0.004477,0.0,0.1435,inf,99.6
2026-09-05T12:31:50,1gbit_10ms,synth,0.05,0.05,0.050176,0.239041,8,FULL_PUSH,10,0.0,0,0.45102,0.47827,25100847,2000000,4.579,0.021039,0.0,0.3061,32.7,19.9
2026-09-05T12:31:59,1gbit_10ms,synth,0.1,0.1,0.100352,0.239041,8,FULL_PUSH,10,0.0,0,0.80201,0.84213,50211180,4000000,8.107,0.042087,0.0,0.50935,12.6,10.0
2026-09-05T12:32:20,1gbit_10ms,synth,0.25,0.25,0.25088,0.239041,8,FULL_PUSH,10,0.0,0,1.84567,1.85416,125529497,10000000,18.433,0.105218,0.0,1.11912,4.4,4.0
2026-09-05T12:33:01,1gbit_10ms,synth,0.5,0.5,0.500756,0.239041,8,FULL_PUSH,10,0.0,0,3.53212,3.55248,250824907,20000000,35.305,0.210239,0.0,2.13132,2.1,2.0
2026-09-05T12:34:17,1gbit_10ms,synth,1.0,1.0,1.0,0.239041,8,FULL_PUSH,10,0.0,0,6.84972,6.85682,501565117,40000000,68.466,0.420407,0.0,4.15367,1.0,1.0
2026-09-05T12:41:53,tpch_10gbit,tpch,0.001,9.900067650462279e-06,0.000522,0.361655,8,FULL_SHIP,10,1.1829,1098149138,0.08415,0.08913,0,297,2.044,0.092046,1.5875,0.13064,inf,1915.1
2026-09-05T12:42:03,tpch_10gbit,tpch,0.1,0.07466277686230856,0.094819,0.361655,8,FULL_SHIP,10,1.1877,1098149138,0.74925,0.76744,0,2239868,8.669,0.092046,1.5875,0.13064,inf,10.5
2026-09-05T12:42:16,tpch_10gbit,tpch,1.0,0.974623426593415,0.95269,0.361655,8,FULL_SHIP,10,1.1602,1098149138,1.18995,1.22427,0,29238503,13.145,0.092046,1.5875,0.13064,1.3,1.0
2026-09-05T12:42:22,tpch_10gbit,tpch,0.001,9.900067650462279e-06,0.000522,0.361655,1,PROJECT_ONLY,10,4.42,431244116,0.10151,0.11158,0,297,5.468,0.036146,1.131,0.13064,2.7,1915.1
2026-09-05T12:42:37,tpch_10gbit,tpch,0.1,0.07466277686230856,0.094819,0.361655,1,PROJECT_ONLY,10,4.3511,431244116,0.98147,1.01865,0,2239868,14.228,0.036146,1.131,0.13064,2.4,10.5
2026-09-05T12:42:57,tpch_10gbit,tpch,1.0,0.974623426593415,0.95269,0.361655,1,PROJECT_ONLY,10,4.4031,431244116,1.47383,1.49137,0,29238503,19.125,0.036146,1.131,0.13064,1.2,1.0
2026-09-05T12:43:02,tpch_10gbit,tpch,0.001,9.900067650462279e-06,0.000522,0.361655,2,PROJECT_ONLY,10,4.3868,431244116,0.10668,0.11533,0,297,5.454,0.036146,0.8526,0.13064,5.8,1915.1
2026-09-05T12:43:17,tpch_10gbit,tpch,0.1,0.07466277686230856,0.094819,0.361655,2,PROJECT_ONLY,10,4.3914,431244116,1.00527,1.0185,0,2239868,14.322,0.036146,0.8526,0.13064,4.2,10.5
2026-09-05T12:43:37,tpch_10gbit,tpch,1.0,0.974623426593415,0.95269,0.361655,2,PROJECT_ONLY,10,4.4392,431244116,1.48392,1.50095,0,29238503,19.291,0.036146,0.8526,0.13064,1.2,1.0
2026-09-05T12:43:43,tpch_10gbit,tpch,0.001,9.900067650462279e-06,0.000522,0.361655,4,PROJECT_ONLY,10,4.4226,431244116,0.09982,0.10428,0,297,5.429,0.036146,0.7134,0.13064,80.4,1915.1
2026-09-05T12:43:58,tpch_10gbit,tpch,0.1,0.07466277686230856,0.094819,0.361655,4,PROJECT_ONLY,10,4.4807,431244116,0.97273,1.00992,0,2239868,14.296,0.036146,0.7134,0.13064,11.3,10.5
2026-09-05T12:44:18,tpch_10gbit,tpch,1.0,0.974623426593415,0.95269,0.361655,4,PROJECT_ONLY,10,4.4296,431244116,1.49317,1.54031,0,29238503,19.373,0.036146,0.7134,0.13064,1.3,1.0
2026-09-05T12:44:24,tpch_10gbit,tpch,0.001,9.900067650462279e-06,0.000522,0.361655,8,PROJECT_ONLY,10,4.404,431244116,0.09647,0.11312,0,297,5.421,0.036146,0.6437,0.13064,inf,1915.1
2026-09-05T12:44:38,tpch_10gbit,tpch,0.1,0.07466277686230856,0.094819,0.361655,8,PROJECT_ONLY,10,4.4319,431244116,0.99953,1.02925,0,2239868,14.463,0.036146,0.6437,0.13064,inf,10.5
2026-09-05T12:44:58,tpch_10gbit,tpch,1.0,0.974623426593415,0.95269,0.361655,8,PROJECT_ONLY,10,4.6907,431244116,1.47122,1.50777,0,29238503,19.495,0.036146,0.6437,0.13064,1.3,1.0
2026-09-05T12:45:04,tpch_10gbit,tpch,0.001,9.900067650462279e-06,0.000522,0.361655,1,FULL_PUSH,10,0.0,0,0.47165,0.47897,7355,297,4.751,6e-06,0.0,0.55714,2.7,1915.1
2026-09-05T12:45:12,tpch_10gbit,tpch,0.01,0.0010339403985927236,0.00923,0.361655,1,FULL_PUSH,10,0.0,0,0.72099,0.73961,623223,31018,7.28,0.000522,0.0,0.56214,2.6,108.3
2026-09-05T12:45:21,tpch_10gbit,tpch,0.05,0.024901370159362755,0.04727,0.361655,1,FULL_PUSH,10,0.0,0,0.8022,0.82667,10913928,747036,8.009,0.009148,0.0,0.58398,2.5,21.2
2026-09-05T12:45:33,tpch_10gbit,tpch,0.1,0.07466277686230856,0.094819,0.361655,1,FULL_PUSH,10,0.0,0,0.99597,1.01399,31863771,2239868,9.968,0.026708,0.0,0.61128,2.4,10.5
2026-09-05T12:45:52,tpch_10gbit,tpch,0.25,0.22481950293327005,0.237864,0.361655,1,FULL_PUSH,10,0.0,0,1.61644,1.63117,96047022,6744539,16.145,0.080506,0.0,0.69341,2.0,4.2
2026-09-05T12:46:25,tpch_10gbit,tpch,0.5,0.4748105112051599,0.476007,0.361655,1,FULL_PUSH,10,0.0,0,2.66874,2.69165,203661429,14244218,26.697,0.170707,0.0,0.83014,1.6,2.1
2026-09-05T12:47:23,tpch_10gbit,tpch,1.0,0.974623426593415,0.95269,0.361655,1,FULL_PUSH,10,0.0,0,4.45108,4.46743,420780920,29238503,44.499,0.352694,0.0,1.10382,1.2,1.0
2026-09-05T12:47:27,tpch_10gbit,tpch,0.001,9.900067650462279e-06,0.000522,0.361655,2,FULL_PUSH,10,0.0,0,0.25324,0.26343,7355,297,2.552,6e-06,0.0,0.27872,5.8,1915.1
2026-09-05T12:47:32,tpch_10gbit,tpch,0.01,0.0010339403985927236,0.00923,0.361655,2,FULL_PUSH,10,0.0,0,0.46793,0.50255,623223,31018,4.556,0.000522,0.0,0.28372,5.6,108.3
2026-09-05T12:47:38,tpch_10gbit,tpch,0.05,0.024901370159362755,0.04727,0.361655,2,FULL_PUSH,10,0.0,0,0.48996,0.51294,10913928,747036,4.914,0.009148,0.0,0.30556,4.9,21.2
2026-09-05T12:47:48,tpch_10gbit,tpch,0.1,0.07466277686230856,0.094819,0.361655,2,FULL_PUSH,10,0.0,0,0.90045,0.93098,31863771,2239868,9.035,0.026708,0.0,0.33286,4.2,10.5
2026-09-05T12:48:08,tpch_10gbit,tpch,0.25,0.22481950293327005,0.237864,0.361655,2,FULL_PUSH,10,0.0,0,1.6045,1.65487,96047022,6744539,16.141,0.080506,0.0,0.41499,3.0,4.2
2026-09-05T12:48:41,tpch_10gbit,tpch,0.5,0.4748105112051599,0.476007,0.361655,2,FULL_PUSH,10,0.0,0,2.6856,2.70664,203661429,14244218,26.845,0.170707,0.0,0.55172,2.0,2.1
2026-09-05T12:49:38,tpch_10gbit,tpch,1.0,0.974623426593415,0.95269,0.361655,2,FULL_PUSH,10,0.0,0,4.44829,4.57737,420780920,29238503,44.761,0.352694,0.0,0.8254,1.2,1.0
2026-09-05T12:49:41,tpch_10gbit,tpch,0.001,9.900067650462279e-06,0.000522,0.361655,4,FULL_PUSH,10,0.0,0,0.14225,0.15668,7355,297,1.475,6e-06,0.0,0.13951,80.4,1915.1
2026-09-05T12:49:44,tpch_10gbit,tpch,0.01,0.0010339403985927236,0.00923,0.361655,4,FULL_PUSH,10,0.0,0,0.24179,0.26664,623223,31018,2.449,0.000522,0.0,0.14451,51.4,108.3
2026-09-05T12:49:50,tpch_10gbit,tpch,0.05,0.024901370159362755,0.04727,0.361655,4,FULL_PUSH,10,0.0,0,0.48795,0.51799,10913928,747036,4.928,0.009148,0.0,0.16635,20.0,21.2
2026-09-05T12:50:02,tpch_10gbit,tpch,0.1,0.07466277686230856,0.094819,0.361655,4,FULL_PUSH,10,0.0,0,1.04085,1.06673,31863771,2239868,10.381,0.026708,0.0,0.19365,11.3,10.5
2026-09-05T12:50:22,tpch_10gbit,tpch,0.25,0.22481950293327005,0.237864,0.361655,4,FULL_PUSH,10,0.0,0,1.62044,1.65522,96047022,6744539,16.308,0.080506,0.0,0.27578,4.9,4.2
2026-09-05T12:50:56,tpch_10gbit,tpch,0.5,0.4748105112051599,0.476007,0.361655,4,FULL_PUSH,10,0.0,0,2.68732,2.73829,203661429,14244218,26.948,0.170707,0.0,0.41251,2.5,2.1
2026-09-05T12:51:54,tpch_10gbit,tpch,1.0,0.974623426593415,0.95269,0.361655,4,FULL_PUSH,10,0.0,0,4.45579,4.5714,420780920,29238503,44.812,0.352694,0.0,0.68619,1.3,1.0
2026-09-05T12:51:56,tpch_10gbit,tpch,0.001,9.900067650462279e-06,0.000522,0.361655,8,FULL_PUSH,10,0.0,0,0.09586,0.13924,7355,297,1.053,6e-06,0.0,0.0699,inf,1915.1
2026-09-05T12:51:59,tpch_10gbit,tpch,0.01,0.0010339403985927236,0.00923,0.361655,8,FULL_PUSH,10,0.0,0,0.18504,0.23918,623223,31018,1.964,0.000522,0.0,0.0749,inf,108.3
2026-09-05T12:52:08,tpch_10gbit,tpch,0.05,0.024901370159362755,0.04727,0.361655,8,FULL_PUSH,10,0.0,0,0.81445,0.8608,10913928,747036,8.187,0.009148,0.0,0.09674,inf,21.2
2026-09-05T12:52:20,tpch_10gbit,tpch,0.1,0.07466277686230856,0.094819,0.361655,8,FULL_PUSH,10,0.0,0,1.04609,1.09038,31863771,2239868,10.566,0.026708,0.0,0.12405,inf,10.5
2026-09-05T12:52:40,tpch_10gbit,tpch,0.25,0.22481950293327005,0.237864,0.361655,8,FULL_PUSH,10,0.0,0,1.64713,1.69264,96047022,6744539,16.52,0.080506,0.0,0.20617,8.5,4.2
2026-09-05T12:53:14,tpch_10gbit,tpch,0.5,0.4748105112051599,0.476007,0.361655,8,FULL_PUSH,10,0.0,0,2.6653,2.68684,203661429,14244218,26.677,0.170707,0.0,0.3429,3.0,2.1
2026-09-05T12:54:11,tpch_10gbit,tpch,1.0,0.974623426593415,0.95269,0.361655,8,FULL_PUSH,10,0.0,0,4.45379,4.49039,420780920,29238503,44.575,0.352694,0.0,0.61659,1.3,1.0
2026-09-05T13:02:03,10gbit_full,synth,0.001,0.001,0.001004,0.239041,8,FULL_SHIP,10,2.4491,2008410211,0.00441,0.00456,0,40000,2.495,0.168343,3.1972,0.1758,inf,996.5
2026-09-05T13:02:07,10gbit_full,synth,0.01,0.01,0.010035,0.239041,8,FULL_SHIP,10,2.5137,2008410211,0.01043,0.01156,0,400000,2.628,0.168343,3.1972,0.1758,inf,99.6
2026-09-05T13:02:10,10gbit_full,synth,0.05,0.05,0.050176,0.239041,8,FULL_SHIP,10,2.1918,2008410211,0.03753,0.04281,0,2000000,2.568,0.168343,3.1972,0.1758,inf,19.9
2026-09-05T13:02:14,10gbit_full,synth,0.1,0.1,0.100352,0.239041,8,FULL_SHIP,10,2.8461,2008410211,0.08241,0.08324,0,4000000,3.672,0.168343,3.1972,0.1758,262.1,10.0
2026-09-05T13:02:19,10gbit_full,synth,0.25,0.25,0.25088,0.239041,8,FULL_SHIP,10,2.2404,2008410211,0.22221,0.24497,0,10000000,4.495,0.168343,3.1972,0.1758,7.3,4.0
2026-09-05T13:02:26,10gbit_full,synth,0.5,0.5,0.500756,0.239041,8,FULL_SHIP,10,2.1344,2008410211,0.42343,0.42631,0,20000000,6.367,0.168343,3.1972,0.1758,2.8,2.0
2026-09-05T13:02:37,10gbit_full,synth,1.0,1.0,1.0,0.239041,8,FULL_SHIP,10,2.1325,2008410211,0.83145,0.83984,0,40000000,10.449,0.168343,3.1972,0.1758,1.3,1.0
2026-09-05T13:02:41,10gbit_full,synth,0.001,0.001,0.001004,0.239041,1,PROJECT_ONLY,10,3.1507,501565117,0.00464,0.00573,0,40000,3.203,0.042041,1.5836,0.1758,2.5,996.5
2026-09-05T13:02:45,10gbit_full,synth,0.01,0.01,0.010035,0.239041,1,PROJECT_ONLY,10,3.1765,501565117,0.01184,0.01273,0,400000,3.298,0.042041,1.5836,0.1758,2.4,99.6
2026-09-05T13:02:49,10gbit_full,synth,0.05,0.05,0.050176,0.239041,1,PROJECT_ONLY,10,3.135,501565117,0.0456,0.04709,0,2000000,3.591,0.042041,1.5836,0.1758,2.3,19.9
2026-09-05T13:02:53,10gbit_full,synth,0.1,0.1,0.100352,0.239041,1,PROJECT_ONLY,10,3.1149,501565117,0.09166,0.09327,0,4000000,4.029,0.042041,1.5836,0.1758,2.2,10.0
2026-09-05T13:02:59,10gbit_full,synth,0.25,0.25,0.25088,0.239041,1,PROJECT_ONLY,10,3.2115,501565117,0.22276,0.23266,0,10000000,5.464,0.042041,1.5836,0.1758,1.9,4.0
2026-09-05T13:03:07,10gbit_full,synth,0.5,0.5,0.500756,0.239041,1,PROJECT_ONLY,10,3.0975,501565117,0.44553,0.45762,0,20000000,7.586,0.042041,1.5836,0.1758,1.5,2.0
2026-09-05T13:03:19,10gbit_full,synth,1.0,1.0,1.0,0.239041,1,PROJECT_ONLY,10,3.1382,501565117,0.75406,0.87451,0,40000000,10.792,0.042041,1.5836,0.1758,1.1,1.0
2026-09-05T13:03:22,10gbit_full,synth,0.001,0.001,0.001004,0.239041,2,PROJECT_ONLY,10,3.1067,501565117,0.00463,0.00506,0,40000,3.156,0.042041,1.1739,0.1758,5.0,996.5
2026-09-05T13:03:26,10gbit_full,synth,0.01,0.01,0.010035,0.239041,2,PROJECT_ONLY,10,3.1109,501565117,0.01227,0.01315,0,400000,3.236,0.042041,1.1739,0.1758,4.9,99.6
2026-09-05T13:03:30,10gbit_full,synth,0.05,0.05,0.050176,0.239041,2,PROJECT_ONLY,10,3.1253,501565117,0.04668,0.04758,0,2000000,3.594,0.042041,1.1739,0.1758,4.3,19.9
2026-09-05T13:03:35,10gbit_full,synth,0.1,0.1,0.100352,0.239041,2,PROJECT_ONLY,10,3.333,501565117,0.08799,0.09253,0,4000000,4.229,0.042041,1.1739,0.1758,3.8,10.0
2026-09-05T13:03:41,10gbit_full,synth,0.25,0.25,0.25088,0.239041,2,PROJECT_ONLY,10,3.3141,501565117,0.22528,0.23106,0,10000000,5.572,0.042041,1.1739,0.1758,2.8,4.0
2026-09-05T13:03:50,10gbit_full,synth,0.5,0.5,0.500756,0.239041,2,PROJECT_ONLY,10,3.208,501565117,0.46237,0.48048,0,20000000,7.862,0.042041,1.1739,0.1758,1.9,2.0
2026-09-05T13:04:01,10gbit_full,synth,1.0,1.0,1.0,0.239041,2,PROJECT_ONLY,10,3.1884,501565117,0.75991,0.89271,0,40000000,10.878,0.042041,1.1739,0.1758,1.2,1.0
2026-09-05T13:04:05,10gbit_full,synth,0.001,0.001,0.001004,0.239041,4,PROJECT_ONLY,10,3.144,501565117,0.0048,0.0063,0,40000,3.196,0.042041,0.9691,0.1758,32.5,996.5
2026-09-05T13:04:09,10gbit_full,synth,0.01,0.01,0.010035,0.239041,4,PROJECT_ONLY,10,3.277,501565117,0.01201,0.0133,0,400000,3.401,0.042041,0.9691,0.1758,26.4,99.6
2026-09-05T13:04:13,10gbit_full,synth,0.05,0.05,0.050176,0.239041,4,PROJECT_ONLY,10,3.1608,501565117,0.0465,0.04808,0,2000000,3.63,0.042041,0.9691,0.1758,14.4,19.9
2026-09-05T13:04:17,10gbit_full,synth,0.1,0.1,0.100352,0.239041,4,PROJECT_ONLY,10,3.1611,501565117,0.08908,0.09513,0,4000000,4.073,0.042041,0.9691,0.1758,9.2,10.0
2026-09-05T13:04:23,10gbit_full,synth,0.25,0.25,0.25088,0.239041,4,PROJECT_ONLY,10,3.2509,501565117,0.21359,0.21908,0,10000000,5.411,0.042041,0.9691,0.1758,4.4,4.0
2026-09-05T13:04:31,10gbit_full,synth,0.5,0.5,0.500756,0.239041,4,PROJECT_ONLY,10,3.1651,501565117,0.44735,0.46021,0,20000000,7.659,0.042041,0.9691,0.1758,2.4,2.0
2026-09-05T13:04:43,10gbit_full,synth,1.0,1.0,1.0,0.239041,4,PROJECT_ONLY,10,3.145,501565117,0.74882,0.87443,0,40000000,10.738,0.042041,0.9691,0.1758,1.2,1.0
2026-09-05T13:04:47,10gbit_full,synth,0.001,0.001,0.001004,0.239041,8,PROJECT_ONLY,10,3.2312,501565117,0.00466,0.00522,0,40000,3.28,0.042041,0.8667,0.1758,inf,996.5
2026-09-05T13:04:50,10gbit_full,synth,0.01,0.01,0.010035,0.239041,8,PROJECT_ONLY,10,3.169,501565117,0.01236,0.0138,0,400000,3.296,0.042041,0.8667,0.1758,inf,99.6
2026-09-05T13:04:55,10gbit_full,synth,0.05,0.05,0.050176,0.239041,8,PROJECT_ONLY,10,3.3294,501565117,0.04564,0.04639,0,2000000,3.782,0.042041,0.8667,0.1758,inf,19.9
2026-09-05T13:05:00,10gbit_full,synth,0.1,0.1,0.100352,0.239041,8,PROJECT_ONLY,10,3.3362,501565117,0.09316,0.09463,0,4000000,4.267,0.042041,0.8667,0.1758,262.1,10.0
2026-09-05T13:05:06,10gbit_full,synth,0.25,0.25,0.25088,0.239041,8,PROJECT_ONLY,10,3.1651,501565117,0.22103,0.22377,0,10000000,5.365,0.042041,0.8667,0.1758,7.3,4.0
2026-09-05T13:05:14,10gbit_full,synth,0.5,0.5,0.500756,0.239041,8,PROJECT_ONLY,10,3.1484,501565117,0.45241,0.46097,0,20000000,7.669,0.042041,0.8667,0.1758,2.8,2.0
2026-09-05T13:05:25,10gbit_full,synth,1.0,1.0,1.0,0.239041,8,PROJECT_ONLY,10,3.4137,501565117,0.73699,0.86815,0,40000000,10.988,0.042041,0.8667,0.1758,1.3,1.0
2026-09-05T13:05:26,10gbit_full,synth,0.001,0.001,0.001004,0.239041,1,FULL_PUSH,10,0.0,0,0.03094,0.03473,630100,40000,0.356,0.000528,0.0,0.82006,2.5,996.5
2026-09-05T13:05:28,10gbit_full,synth,0.01,0.01,0.010035,0.239041,1,FULL_PUSH,10,0.0,0,0.06985,0.10904,5341689,400000,0.932,0.004477,0.0,0.82696,2.4,99.6
2026-09-05T13:05:32,10gbit_full,synth,0.05,0.05,0.050176,0.239041,1,FULL_PUSH,10,0.0,0,0.18803,0.22939,25100847,2000000,1.973,0.021039,0.0,0.85764,2.3,19.9
2026-09-05T13:05:37,10gbit_full,synth,0.1,0.1,0.100352,0.239041,1,FULL_PUSH,10,0.0,0,0.3743,0.39416,50211180,4000000,3.727,0.042087,0.0,0.89599,2.2,10.0
2026-09-05T13:05:49,10gbit_full,synth,0.25,0.25,0.25088,0.239041,1,FULL_PUSH,10,0.0,0,0.86261,0.87205,125529497,10000000,8.562,0.105218,0.0,1.01103,1.9,4.0
2026-09-05T13:06:10,10gbit_full,synth,0.5,0.5,0.500756,0.239041,1,FULL_PUSH,10,0.0,0,1.64941,1.67058,250824907,20000000,16.513,0.210239,0.0,1.20201,1.5,2.0
2026-09-05T13:06:50,10gbit_full,synth,1.0,1.0,1.0,0.239041,1,FULL_PUSH,10,0.0,0,3.16187,3.19097,501565117,40000000,31.636,0.420407,0.0,1.58356,1.1,1.0
2026-09-05T13:06:51,10gbit_full,synth,0.001,0.001,0.001004,0.239041,2,FULL_PUSH,10,0.0,0,0.02442,0.03252,630100,40000,0.293,0.000528,0.0,0.41041,5.0,996.5
2026-09-05T13:06:52,10gbit_full,synth,0.01,0.01,0.010035,0.239041,2,FULL_PUSH,10,0.0,0,0.05803,0.10251,5341689,400000,0.7,0.004477,0.0,0.41732,4.9,99.6
2026-09-05T13:06:55,10gbit_full,synth,0.05,0.05,0.050176,0.239041,2,FULL_PUSH,10,0.0,0,0.22784,0.23191,25100847,2000000,2.223,0.021039,0.0,0.44799,4.3,19.9
2026-09-05T13:07:01,10gbit_full,synth,0.1,0.1,0.100352,0.239041,2,FULL_PUSH,10,0.0,0,0.3776,0.41655,50211180,4000000,3.82,0.042087,0.0,0.48634,3.8,10.0
2026-09-05T13:07:12,10gbit_full,synth,0.25,0.25,0.25088,0.239041,2,FULL_PUSH,10,0.0,0,0.88201,0.91179,125529497,10000000,8.782,0.105218,0.0,0.60139,2.8,4.0
2026-09-05T13:07:33,10gbit_full,synth,0.5,0.5,0.500756,0.239041,2,FULL_PUSH,10,0.0,0,1.65108,1.66381,250824907,20000000,16.426,0.210239,0.0,0.79236,1.9,2.0
2026-09-05T13:08:13,10gbit_full,synth,1.0,1.0,1.0,0.239041,2,FULL_PUSH,10,0.0,0,3.15921,3.21651,501565117,40000000,31.702,0.420407,0.0,1.17391,1.2,1.0
2026-09-05T13:08:14,10gbit_full,synth,0.001,0.001,0.001004,0.239041,4,FULL_PUSH,10,0.0,0,0.02745,0.03282,630100,40000,0.313,0.000528,0.0,0.20559,32.5,996.5
2026-09-05T13:08:15,10gbit_full,synth,0.01,0.01,0.010035,0.239041,4,FULL_PUSH,10,0.0,0,0.06478,0.08396,5341689,400000,0.685,0.004477,0.0,0.21249,26.4,99.6
2026-09-05T13:08:19,10gbit_full,synth,0.05,0.05,0.050176,0.239041,4,FULL_PUSH,10,0.0,0,0.21543,0.22975,25100847,2000000,2.122,0.021039,0.0,0.24317,14.4,19.9
2026-09-05T13:08:24,10gbit_full,synth,0.1,0.1,0.100352,0.239041,4,FULL_PUSH,10,0.0,0,0.3801,0.39022,50211180,4000000,3.739,0.042087,0.0,0.28152,9.2,10.0
2026-09-05T13:08:35,10gbit_full,synth,0.25,0.25,0.25088,0.239041,4,FULL_PUSH,10,0.0,0,0.87175,0.8882,125529497,10000000,8.631,0.105218,0.0,0.39656,4.4,4.0
2026-09-05T13:08:57,10gbit_full,synth,0.5,0.5,0.500756,0.239041,4,FULL_PUSH,10,0.0,0,1.65396,1.66545,250824907,20000000,16.456,0.210239,0.0,0.58754,2.4,2.0
2026-09-05T13:09:38,10gbit_full,synth,1.0,1.0,1.0,0.239041,4,FULL_PUSH,10,0.0,0,3.19616,3.35626,501565117,40000000,32.286,0.420407,0.0,0.96909,1.2,1.0
2026-09-05T13:09:40,10gbit_full,synth,0.001,0.001,0.001004,0.239041,8,FULL_PUSH,10,0.0,0,0.02367,0.03175,630100,40000,0.256,0.000528,0.0,0.10318,inf,996.5
2026-09-05T13:09:41,10gbit_full,synth,0.01,0.01,0.010035,0.239041,8,FULL_PUSH,10,0.0,0,0.07948,0.13237,5341689,400000,0.857,0.004477,0.0,0.11008,inf,99.6
2026-09-05T13:09:44,10gbit_full,synth,0.05,0.05,0.050176,0.239041,8,FULL_PUSH,10,0.0,0,0.2023,0.24542,25100847,2000000,2.081,0.021039,0.0,0.14076,inf,19.9
2026-09-05T13:09:49,10gbit_full,synth,0.1,0.1,0.100352,0.239041,8,FULL_PUSH,10,0.0,0,0.35827,0.39247,50211180,4000000,3.645,0.042087,0.0,0.17911,262.1,10.0
2026-09-05T13:10:00,10gbit_full,synth,0.25,0.25,0.25088,0.239041,8,FULL_PUSH,10,0.0,0,0.86939,0.90566,125529497,10000000,8.742,0.105218,0.0,0.29415,7.3,4.0
2026-09-05T13:10:21,10gbit_full,synth,0.5,0.5,0.500756,0.239041,8,FULL_PUSH,10,0.0,0,1.63619,1.66505,250824907,20000000,16.396,0.210239,0.0,0.48512,2.8,2.0
2026-09-05T13:11:02,10gbit_full,synth,1.0,1.0,1.0,0.239041,8,FULL_PUSH,10,0.0,0,3.19849,3.2165,501565117,40000000,32.003,0.420407,0.0,0.86668,1.3,1.0
2026-09-05T13:15:57,tpch_full,tpch,0.001,9.900067650462279e-06,0.000522,0.361655,8,FULL_SHIP,10,1.108,1098149138,0.08028,0.08359,0,297,1.919,0.092046,1.3187,0.12291,inf,1915.1
2026-09-05T13:16:00,tpch_full,tpch,0.01,0.0010339403985927236,0.00923,0.361655,8,FULL_SHIP,10,1.2335,1098149138,0.14618,0.15379,0,31018,2.726,0.092046,1.3187,0.12291,inf,108.3
2026-09-05T13:16:09,tpch_full,tpch,0.05,0.024901370159362755,0.04727,0.361655,8,FULL_SHIP,10,1.2061,1098149138,0.66721,0.73058,0,747036,8.025,0.092046,1.3187,0.12291,inf,21.2
2026-09-05T13:16:18,tpch_full,tpch,0.1,0.07466277686230856,0.094819,0.361655,8,FULL_SHIP,10,1.1646,1098149138,0.79783,0.8121,0,2239868,9.064,0.092046,1.3187,0.12291,inf,10.5
2026-09-05T13:16:29,tpch_full,tpch,0.25,0.22481950293327005,0.237864,0.361655,8,FULL_SHIP,10,1.1866,1098149138,0.85681,0.90359,0,6744539,9.792,0.092046,1.3187,0.12291,9.0,4.2
2026-09-05T13:16:40,tpch_full,tpch,0.5,0.4748105112051599,0.476007,0.361655,8,FULL_SHIP,10,1.1665,1098149138,0.9862,0.99346,0,14244218,10.972,0.092046,1.3187,0.12291,3.1,2.1
2026-09-05T13:16:54,tpch_full,tpch,1.0,0.974623426593415,0.95269,0.361655,8,FULL_SHIP,10,1.18,1098149138,1.20331,1.22805,0,29238503,13.235,0.092046,1.3187,0.12291,1.4,1.0
2026-09-05T13:17:00,tpch_full,tpch,0.001,9.900067650462279e-06,0.000522,0.361655,1,PROJECT_ONLY,10,4.4809,431244116,0.1011,0.12318,0,297,5.559,0.036146,1.0375,0.12291,2.4,1915.1
2026-09-05T13:17:06,tpch_full,tpch,0.01,0.0010339403985927236,0.00923,0.361655,1,PROJECT_ONLY,10,4.382,431244116,0.18649,0.19218,0,31018,6.25,0.036146,1.0375,0.12291,2.3,108.3
2026-09-05T13:17:21,tpch_full,tpch,0.05,0.024901370159362755,0.04727,0.361655,1,PROJECT_ONLY,10,4.4933,431244116,0.90504,0.93542,0,747036,13.569,0.036146,1.0375,0.12291,2.3,21.2
2026-09-05T13:17:35,tpch_full,tpch,0.1,0.07466277686230856,0.094819,0.361655,1,PROJECT_ONLY,10,4.4731,431244116,0.98701,1.02369,0,2239868,14.351,0.036146,1.0375,0.12291,2.1,10.5
2026-09-05T13:17:51,tpch_full,tpch,0.25,0.22481950293327005,0.237864,0.361655,1,PROJECT_ONLY,10,4.5189,431244116,1.08607,1.11524,0,6744539,15.444,0.036146,1.0375,0.12291,1.9,4.2
2026-09-05T13:18:09,tpch_full,tpch,0.5,0.4748105112051599,0.476007,0.361655,1,PROJECT_ONLY,10,4.4714,431244116,1.22067,1.25826,0,14244218,16.781,0.036146,1.0375,0.12291,1.6,2.1
2026-09-05T13:18:29,tpch_full,tpch,1.0,0.974623426593415,0.95269,0.361655,1,PROJECT_ONLY,10,4.4838,431244116,1.48129,1.50954,0,29238503,19.314,0.036146,1.0375,0.12291,1.2,1.0
2026-09-05T13:18:35,tpch_full,tpch,0.001,9.900067650462279e-06,0.000522,0.361655,2,PROJECT_ONLY,10,4.4834,431244116,0.0971,0.11727,0,297,5.495,0.036146,0.7572,0.12291,4.8,1915.1
2026-09-05T13:18:42,tpch_full,tpch,0.01,0.0010339403985927236,0.00923,0.361655,2,PROJECT_ONLY,10,4.4416,431244116,0.1867,0.19629,0,31018,6.286,0.036146,0.7572,0.12291,4.7,108.3
2026-09-05T13:18:56,tpch_full,tpch,0.05,0.024901370159362755,0.04727,0.361655,2,PROJECT_ONLY,10,4.5212,431244116,0.90988,0.9416,0,747036,13.644,0.036146,0.7572,0.12291,4.2,21.2
2026-09-05T13:19:11,tpch_full,tpch,0.1,0.07466277686230856,0.094819,0.361655,2,PROJECT_ONLY,10,4.4619,431244116,0.98486,1.00816,0,2239868,14.312,0.036146,0.7572,0.12291,3.7,10.5
2026-09-05T13:19:26,tpch_full,tpch,0.25,0.22481950293327005,0.237864,0.361655,2,PROJECT_ONLY,10,4.4974,431244116,1.05599,1.09703,0,6744539,15.048,0.036146,0.7572,0.12291,2.8,4.2
2026-09-05T13:19:44,tpch_full,tpch,0.5,0.4748105112051599,0.476007,0.361655,2,PROJECT_ONLY,10,4.5061,431244116,1.22745,1.24786,0,14244218,16.787,0.036146,0.7572,0.12291,2.0,2.1
2026-09-05T13:20:03,tpch_full,tpch,1.0,0.974623426593415,0.95269,0.361655,2,PROJECT_ONLY,10,4.4553,431244116,1.48076,1.48717,0,29238503,19.22,0.036146,0.7572,0.12291,1.2,1.0
2026-09-05T13:20:09,tpch_full,tpch,0.001,9.900067650462279e-06,0.000522,0.361655,4,PROJECT_ONLY,10,4.4842,431244116,0.10036,0.11859,0,297,5.535,0.036146,0.6171,0.12291,35.3,1915.1
2026-09-05T13:20:16,tpch_full,tpch,0.01,0.0010339403985927236,0.00923,0.361655,4,PROJECT_ONLY,10,4.457,431244116,0.18671,0.21778,0,31018,6.312,0.036146,0.6171,0.12291,28.5,108.3
2026-09-05T13:20:30,tpch_full,tpch,0.05,0.024901370159362755,0.04727,0.361655,4,PROJECT_ONLY,10,4.4513,431244116,0.90962,0.94904,0,747036,13.577,0.036146,0.6171,0.12291,15.5,21.2
2026-09-05T13:20:45,tpch_full,tpch,0.1,0.07466277686230856,0.094819,0.361655,4,PROJECT_ONLY,10,4.4737,431244116,0.9909,1.02462,0,2239868,14.412,0.036146,0.6171,0.12291,9.9,10.5
2026-09-05T13:21:01,tpch_full,tpch,0.25,0.22481950293327005,0.237864,0.361655,4,PROJECT_ONLY,10,4.4926,431244116,1.08659,1.11052,0,6744539,15.358,0.036146,0.6171,0.12291,4.7,4.2
2026-09-05T13:21:18,tpch_full,tpch,0.5,0.4748105112051599,0.476007,0.361655,4,PROJECT_ONLY,10,4.5061,431244116,1.21899,1.26301,0,14244218,16.788,0.036146,0.6171,0.12291,2.5,2.1
2026-09-05T13:21:38,tpch_full,tpch,1.0,0.974623426593415,0.95269,0.361655,4,PROJECT_ONLY,10,4.539,431244116,1.47289,1.5018,0,29238503,19.279,0.036146,0.6171,0.12291,1.3,1.0
2026-09-05T13:21:44,tpch_full,tpch,0.001,9.900067650462279e-06,0.000522,0.361655,8,PROJECT_ONLY,10,4.5054,431244116,0.11223,0.12675,0,297,5.632,0.036146,0.547,0.12291,inf,1915.1
2026-09-05T13:21:51,tpch_full,tpch,0.01,0.0010339403985927236,0.00923,0.361655,8,PROJECT_ONLY,10,4.4527,431244116,0.19122,0.19833,0,31018,6.352,0.036146,0.547,0.12291,inf,108.3
2026-09-05T13:22:05,tpch_full,tpch,0.05,0.024901370159362755,0.04727,0.361655,8,PROJECT_ONLY,10,4.4596,431244116,0.90826,0.94419,0,747036,13.569,0.036146,0.547,0.12291,inf,21.2
2026-09-05T13:22:20,tpch_full,tpch,0.1,0.07466277686230856,0.094819,0.361655,8,PROJECT_ONLY,10,4.4662,431244116,1.00238,1.07408,0,2239868,14.573,0.036146,0.547,0.12291,inf,10.5
2026-09-05T13:22:36,tpch_full,tpch,0.25,0.22481950293327005,0.237864,0.361655,8,PROJECT_ONLY,10,4.4186,431244116,1.075,1.10594,0,6744539,15.176,0.036146,0.547,0.12291,9.0,4.2
2026-09-05T13:22:53,tpch_full,tpch,0.5,0.4748105112051599,0.476007,0.361655,8,PROJECT_ONLY,10,4.4502,431244116,1.21832,1.26372,0,14244218,16.78,0.036146,0.547,0.12291,3.1,2.1
2026-09-05T13:23:13,tpch_full,tpch,1.0,0.974623426593415,0.95269,0.361655,8,PROJECT_ONLY,10,4.5028,431244116,1.47826,1.49653,0,29238503,19.272,0.036146,0.547,0.12291,1.4,1.0
2026-09-05T13:23:18,tpch_full,tpch,0.001,9.900067650462279e-06,0.000522,0.361655,1,FULL_PUSH,10,0.0,0,0.47075,0.47783,7355,297,4.723,6e-06,0.0,0.56081,2.4,1915.1
2026-09-05T13:23:26,tpch_full,tpch,0.01,0.0010339403985927236,0.00923,0.361655,1,FULL_PUSH,10,0.0,0,0.71892,0.73149,623223,31018,7.222,0.000522,0.0,0.56496,2.3,108.3
2026-09-05T13:23:36,tpch_full,tpch,0.05,0.024901370159362755,0.04727,0.361655,1,FULL_PUSH,10,0.0,0,0.82454,0.86061,10913928,747036,8.245,0.009148,0.0,0.5831,2.3,21.2
2026-09-05T13:23:49,tpch_full,tpch,0.1,0.07466277686230856,0.094819,0.361655,1,FULL_PUSH,10,0.0,0,1.02604,1.06037,31863771,2239868,10.286,0.026708,0.0,0.60578,2.1,10.5
2026-09-05T13:24:08,tpch_full,tpch,0.25,0.22481950293327005,0.237864,0.361655,1,FULL_PUSH,10,0.0,0,1.635,1.6484,96047022,6744539,16.297,0.080506,0.0,0.674,1.9,4.2
2026-09-05T13:24:42,tpch_full,tpch,0.5,0.4748105112051599,0.476007,0.361655,1,FULL_PUSH,10,0.0,0,2.71326,2.76377,203661429,14244218,27.136,0.170707,0.0,0.78757,1.6,2.1
2026-09-05T13:25:40,tpch_full,tpch,1.0,0.974623426593415,0.95269,0.361655,1,FULL_PUSH,10,0.0,0,4.45393,4.50738,420780920,29238503,44.671,0.352694,0.0,1.01491,1.2,1.0
2026-09-05T13:25:44,tpch_full,tpch,0.001,9.900067650462279e-06,0.000522,0.361655,2,FULL_PUSH,10,0.0,0,0.25082,0.25879,7355,297,2.562,6e-06,0.0,0.28053,4.8,1915.1
2026-09-05T13:25:48,tpch_full,tpch,0.01,0.0010339403985927236,0.00923,0.361655,2,FULL_PUSH,10,0.0,0,0.39515,0.42957,623223,31018,4.084,0.000522,0.0,0.28468,4.7,108.3
2026-09-05T13:25:54,tpch_full,tpch,0.05,0.024901370159362755,0.04727,0.361655,2,FULL_PUSH,10,0.0,0,0.48466,0.52571,10913928,747036,4.887,0.009148,0.0,0.30282,4.2,21.2
2026-09-05T13:26:05,tpch_full,tpch,0.1,0.07466277686230856,0.094819,0.361655,2,FULL_PUSH,10,0.0,0,0.92708,0.94916,31863771,2239868,9.259,0.026708,0.0,0.3255,3.7,10.5
2026-09-05T13:26:25,tpch_full,tpch,0.25,0.22481950293327005,0.237864,0.361655,2,FULL_PUSH,10,0.0,0,1.62396,1.65095,96047022,6744539,16.257,0.080506,0.0,0.39372,2.8,4.2
2026-09-05T13:26:59,tpch_full,tpch,0.5,0.4748105112051599,0.476007,0.361655,2,FULL_PUSH,10,0.0,0,2.68609,2.70896,203661429,14244218,26.845,0.170707,0.0,0.50729,2.0,2.1
2026-09-05T13:27:57,tpch_full,tpch,1.0,0.974623426593415,0.95269,0.361655,2,FULL_PUSH,10,0.0,0,4.5441,4.69129,420780920,29238503,45.611,0.352694,0.0,0.73463,1.2,1.0
2026-09-05T13:28:00,tpch_full,tpch,0.001,9.900067650462279e-06,0.000522,0.361655,4,FULL_PUSH,10,0.0,0,0.14202,0.14909,7355,297,1.439,6e-06,0.0,0.14039,35.3,1915.1
2026-09-05T13:28:04,tpch_full,tpch,0.01,0.0010339403985927236,0.00923,0.361655,4,FULL_PUSH,10,0.0,0,0.25918,0.26728,623223,31018,2.57,0.000522,0.0,0.14454,28.5,108.3
2026-09-05T13:28:10,tpch_full,tpch,0.05,0.024901370159362755,0.04727,0.361655,4,FULL_PUSH,10,0.0,0,0.47488,0.54108,10913928,747036,4.914,0.009148,0.0,0.16268,15.5,21.2
2026-09-05T13:28:22,tpch_full,tpch,0.1,0.07466277686230856,0.094819,0.361655,4,FULL_PUSH,10,0.0,0,1.01436,1.04547,31863771,2239868,10.197,0.026708,0.0,0.18536,9.9,10.5
2026-09-05T13:28:42,tpch_full,tpch,0.25,0.22481950293327005,0.237864,0.361655,4,FULL_PUSH,10,0.0,0,1.62439,1.67274,96047022,6744539,16.372,0.080506,0.0,0.25358,4.7,4.2
2026-09-05T13:29:17,tpch_full,tpch,0.5,0.4748105112051599,0.476007,0.361655,4,FULL_PUSH,10,0.0,0,2.70531,2.8133,203661429,14244218,27.18,0.170707,0.0,0.36715,2.5,2.1
2026-09-05T13:30:14,tpch_full,tpch,1.0,0.974623426593415,0.95269,0.361655,4,FULL_PUSH,10,0.0,0,4.46812,4.49562,420780920,29238503,44.666,0.352694,0.0,0.59449,1.3,1.0
2026-09-05T13:30:17,tpch_full,tpch,0.001,9.900067650462279e-06,0.000522,0.361655,8,FULL_PUSH,10,0.0,0,0.09895,0.10147,7355,297,1.031,6e-06,0.0,0.07032,inf,1915.1
2026-09-05T13:30:19,tpch_full,tpch,0.01,0.0010339403985927236,0.00923,0.361655,8,FULL_PUSH,10,0.0,0,0.18162,0.22817,623223,31018,1.911,0.000522,0.0,0.07447,inf,108.3
2026-09-05T13:30:29,tpch_full,tpch,0.05,0.024901370159362755,0.04727,0.361655,8,FULL_PUSH,10,0.0,0,0.80556,0.87356,10913928,747036,8.204,0.009148,0.0,0.09261,inf,21.2
2026-09-05T13:30:41,tpch_full,tpch,0.1,0.07466277686230856,0.094819,0.361655,8,FULL_PUSH,10,0.0,0,1.06095,1.13039,31863771,2239868,10.718,0.026708,0.0,0.11529,inf,10.5
2026-09-05T13:31:02,tpch_full,tpch,0.25,0.22481950293327005,0.237864,0.361655,8,FULL_PUSH,10,0.0,0,1.65558,1.72531,96047022,6744539,16.677,0.080506,0.0,0.18351,9.0,4.2
2026-09-05T13:31:37,tpch_full,tpch,0.5,0.4748105112051599,0.476007,0.361655,8,FULL_PUSH,10,0.0,0,2.71084,2.7287,203661429,14244218,27.018,0.170707,0.0,0.29709,3.1,2.1
2026-09-05T13:32:35,tpch_full,tpch,1.0,0.974623426593415,0.95269,0.361655,8,FULL_PUSH,10,0.0,0,4.50076,4.54089,420780920,29238503,45.041,0.352694,0.0,0.52442,1.4,1.0
